TimeStep,TotalVehicles,AverageSpeed,AverageWaitTime,IntersectionQueueSize,ThroughputCount,PlatoonCount,AveragePlatoonSize
1,1,0.00,0.00,0,0,0,0.00
2,2,1.25,0.00,0,0,0,0.00
3,2,3.75,0.00,0,0,0,0.00
4,2,6.25,0.00,0,0,0,0.00
5,3,5.83,0.00,0,0,1,2.00
6,3,8.24,0.00,0,0,1,2.00
7,3,9.15,0.00,0,0,1,2.00
8,3,9.98,0.00,0,0,1,2.00
9,3,10.81,0.00,0,0,1,2.00
10,4,8.74,0.00,0,0,1,2.00
11,4,9.36,0.00,0,0,1,2.00
12,4,9.99,0.00,0,0,1,2.00
13,4,10.61,0.00,0,0,1,2.00
14,4,11.24,0.00,1,0,1,2.00
15,4,11.73,0.00,0,1,0,0.00
16,4,11.18,0.00,0,1,0,0.00
17,5,7.62,0.00,0,1,0,0.00
18,5,6.51,0.00,1,1,0,0.00
19,6,6.21,0.00,1,1,1,2.00
20,6,7.13,0.00,1,2,1,2.00
21,7,7.54,0.00,1,2,1,2.00
22,7,8.91,0.00,0,3,1,2.00
23,7,9.59,0.00,0,3,1,2.00
24,8,9.36,0.00,1,3,1,2.00
25,8,8.90,0.00,0,4,1,2.00
26,8,10.07,0.00,0,4,1,2.00
27,8,10.82,0.00,0,4,1,2.00
28,8,10.88,0.00,0,4,1,2.00
29,9,9.55,0.00,0,4,1,2.00
30,9,9.34,0.00,0,4,1,2.00
31,9,8.12,0.00,0,4,1,2.00
32,9,8.17,0.00,0,4,1,2.00
33,9,8.23,0.00,1,4,1,2.00
34,9,8.45,0.00,0,5,1,2.00
35,9,7.59,0.00,0,5,1,2.00
36,9,6.81,0.00,0,5,1,2.00
37,9,7.32,0.00,0,5,1,3.00
38,9,7.38,0.00,0,5,1,3.00
39,10,7.13,0.00,1,5,1,3.00
40,11,6.61,0.00,1,6,1,3.00
41,11,7.18,0.00,0,7,1,3.00
42,11,7.80,0.00,0,7,1,3.00
43,10,7.48,0.00,0,7,1,3.00
44,11,6.85,0.00,0,7,1,3.00
45,11,7.44,0.00,1,7,1,3.00
46,11,7.87,0.00,0,8,1,3.00
47,12,7.34,0.00,1,8,1,3.00
48,12,7.62,0.00,2,8,1,3.00
49,12,8.11,0.00,0,10,0,0.00
50,12,8.80,0.00,1,10,0,0.00
51,12,9.16,0.00,1,10,0,0.00
52,11,8.82,0.00,1,11,0,0.00
53,11,8.89,0.00,0,12,0,0.00
54,10,9.26,0.00,1,12,0,0.00
55,10,9.51,0.00,1,12,1,2.00
56,10,8.56,0.00,1,13,1,2.00
57,10,8.73,0.00,1,13,1,2.00
58,10,9.07,0.00,0,14,0,0.00
59,8,8.58,0.00,1,14,1,2.00
60,8,9.29,0.00,1,15,1,2.00
61,8,9.83,0.00,1,15,1,2.00
62,8,10.44,0.00,0,16,2,2.00
63,6,10.44,0.00,1,16,2,2.00
64,7,9.15,0.00,1,16,2,2.00
65,7,9.47,0.00,0,17,2,2.50
66,7,10.11,0.00,0,17,2,2.50
67,7,10.52,0.00,0,17,2,2.50
68,6,10.18,0.00,0,17,1,3.00
69,6,11.14,0.00,1,17,1,3.00
70,5,11.43,0.00,0,18,1,3.00
71,6,9.52,0.00,0,18,1,3.00
72,5,9.79,0.00,0,18,1,2.00
73,5,10.79,0.00,0,18,1,2.00
74,5,8.66,0.00,0,18,0,0.00
75,5,9.66,0.00,0,18,0,0.00
76,5,10.33,0.00,0,18,0,0.00
77,5,8.13,0.00,1,18,0,0.00
78,5,9.38,0.00,1,18,0,0.00
79,5,10.38,0.00,0,19,0,0.00
80,4,11.31,0.00,0,19,0,0.00
81,5,10.02,0.00,0,19,1,2.00
82,6,9.04,0.00,0,19,1,2.00
83,6,9.87,0.00,1,19,1,2.00
84,7,9.18,0.00,0,20,2,2.00
85,7,9.67,0.00,0,20,2,2.00
86,7,9.94,0.00,0,20,2,2.00
87,7,10.35,0.00,1,20,2,2.00
88,7,10.70,0.00,0,21,2,2.00
89,7,11.42,0.00,0,21,2,2.00
90,6,11.16,0.00,0,21,2,2.00
91,6,11.95,0.00,1,21,2,2.00
92,6,12.21,0.00,0,22,1,2.00
93,5,11.89,0.00,0,22,1,2.00
94,5,11.33,0.00,0,22,1,2.00
95,5,11.02,0.00,1,22,1,2.00
96,5,10.12,0.00,2,22,1,2.00
97,5,9.76,0.00,0,24,0,0.00
98,4,9.58,0.00,0,24,0,0.00
99,5,7.84,0.00,1,24,0,0.00
100,5,8.39,0.00,0,25,0,0.00
101,5,9.39,0.00,0,25,0,0.00
102,5,10.39,0.00,0,25,0,0.00
103,4,10.97,0.00,0,25,0,0.00
104,4,11.50,0.00,0,25,0,0.00
105,4,11.50,0.00,0,25,0,0.00
106,4,11.50,0.00,0,25,0,0.00
107,4,11.50,0.00,0,25,0,0.00
108,3,11.55,0.00,0,25,0,0.00
109,2,11.79,0.00,0,25,0,0.00
110,2,11.79,0.00,0,25,0,0.00
111,2,11.36,0.00,0,25,0,0.00
112,1,6.74,0.00,1,25,0,0.00
113,1,6.98,0.00,1,25,0,0.00
114,1,6.98,0.00,0,26,0,0.00
115,1,9.48,0.00,0,26,0,0.00
116,1,11.98,0.00,0,26,0,0.00
117,2,6.06,0.00,0,26,0,0.00
118,2,7.31,0.00,0,26,0,0.00
119,3,5.71,0.00,0,26,0,0.00
120,3,7.37,0.00,0,26,0,0.00
121,3,9.04,0.00,0,26,0,0.00
122,4,7.70,0.00,0,26,1,2.00
123,4,8.95,0.00,0,26,1,2.00
124,4,10.20,0.00,0,26,1,2.00
125,4,7.96,0.00,0,26,1,2.00
126,5,7.37,0.00,0,26,1,2.00
127,5,8.87,0.00,0,26,1,2.00
128,5,10.05,0.00,0,26,1,2.00
129,5,11.05,0.00,0,26,1,2.00
130,5,11.60,0.00,0,26,1,2.00
131,5,10.50,0.00,1,26,1,2.00
132,6,8.40,0.00,1,27,1,2.00
133,6,8.97,0.00,0,28,0,0.00
134,7,8.47,0.00,0,28,1,2.00
135,7,8.94,0.00,1,28,1,2.00
136,7,9.94,0.00,0,29,1,2.00
137,8,9.21,0.00,0,29,1,2.00
138,8,9.23,0.00,0,29,1,2.00
139,8,9.34,0.00,1,29,1,2.00
140,8,10.09,0.00,2,29,1,2.00
141,8,10.71,0.00,1,30,1,2.00
142,9,10.27,0.00,0,31,1,2.00
143,8,10.77,0.00,0,31,1,2.00
144,8,9.93,0.00,0,31,2,2.00
145,8,10.26,0.00,0,31,2,2.00
146,7,10.03,0.00,1,31,2,2.00
147,8,9.33,0.00,0,32,1,2.00
148,8,9.44,0.00,0,32,1,2.00
149,9,8.47,0.00,1,32,1,2.00
150,9,9.30,0.00,1,33,1,2.00
151,9,8.64,0.00,0,34,2,2.00
152,9,10.01,0.00,0,34,2,2.00
153,8,10.80,0.00,0,34,2,2.00
154,8,11.35,0.00,0,34,2,2.00
155,9,9.89,0.00,0,34,2,2.00
156,9,10.71,0.00,1,34,2,2.00
157,9,11.27,0.00,0,35,1,2.00
158,8,11.59,0.00,0,35,1,2.00
159,8,11.53,0.00,1,35,1,2.00
160,9,9.99,0.00,0,36,0,0.00
161,7,8.61,0.00,0,36,0,0.00
162,7,8.33,0.00,0,36,0,0.00
163,7,8.21,0.00,0,36,0,0.00
164,7,8.57,0.00,1,36,0,0.00
165,7,9.16,0.00,1,37,0,0.00
166,7,9.74,0.00,2,37,0,0.00
167,8,8.74,0.00,1,38,0,0.00
168,7,9.13,0.00,0,39,0,0.00
169,8,8.99,0.00,1,39,1,2.00
170,7,8.88,0.00,1,39,1,2.00
171,7,9.59,0.00,0,40,1,2.00
172,7,10.40,0.00,0,40,1,2.00
173,7,10.63,0.00,1,40,2,2.00
174,8,9.64,0.00,1,40,2,2.00
175,7,9.84,0.00,0,41,2,2.00
176,7,10.57,0.00,0,41,2,2.00
177,7,10.88,0.00,0,41,2,2.00
178,6,10.85,0.00,0,41,2,2.00
179,6,11.17,0.00,0,41,2,2.00
180,6,11.33,0.00,0,41,2,2.00
181,6,8.84,0.00,0,41,1,2.00
182,5,8.45,0.00,1,41,1,2.00
183,5,9.05,0.00,1,41,1,2.00
184,6,8.37,0.00,1,42,2,2.00
185,6,8.26,0.00,1,42,2,2.00
186,5,8.28,0.00,0,43,2,2.00
187,5,9.67,0.00,1,43,2,2.00
188,5,10.67,0.00,0,44,2,2.00
189,5,11.94,0.00,0,44,2,2.00
190,5,12.54,0.00,0,44,2,2.00
191,5,13.04,0.00,0,44,2,2.00
192,6,10.50,0.00,0,44,2,2.00
193,6,10.16,0.00,0,44,2,2.00
194,6,10.88,0.00,1,44,2,2.00
195,6,8.77,0.00,0,45,1,2.00
196,5,8.89,0.00,0,45,1,2.00
197,5,10.69,0.00,1,45,1,2.00
198,5,8.45,0.00,0,46,2,2.00
199,5,9.95,0.00,0,46,2,2.00
200,6,9.06,0.00,0,46,2,2.50
201,6,9.56,0.00,0,46,2,2.50
202,6,10.39,0.00,0,46,2,2.50
203,7,9.44,0.00,0,46,2,2.50
204,7,10.15,0.00,0,46,2,2.50
205,7,8.95,0.00,1,46,3,2.33
206,7,9.57,0.00,0,47,3,2.33
207,8,9.00,0.00,0,47,3,2.33
208,7,9.41,0.00,0,47,3,2.33
209,8,8.61,0.00,0,47,4,2.25
210,8,8.94,0.00,1,47,4,2.25
211,8,9.53,0.00,0,48,3,2.00
212,9,9.17,0.00,1,48,3,2.00
213,9,9.92,0.00,1,48,3,2.00
214,9,10.35,0.00,0,49,3,2.00
215,10,9.85,0.00,1,49,3,2.00
216,9,9.68,0.00,1,49,3,2.00
217,9,9.08,0.00,0,50,3,2.00
218,10,7.84,0.00,0,50,3,2.00
219,10,7.78,0.00,1,50,3,2.00
220,10,8.31,0.00,1,50,3,2.00
221,10,8.89,0.00,1,51,2,2.50
222,11,8.58,0.00,1,51,2,2.50
223,12,8.68,0.00,1,52,1,2.00
224,12,8.67,0.00,1,53,1,2.00
225,12,9.78,0.00,0,54,2,2.00
226,12,9.21,0.00,0,54,3,2.00
227,12,9.27,0.00,0,54,3,2.00
228,12,8.73,0.00,1,54,4,2.00
229,12,9.23,0.00,0,55,4,2.00
230,12,9.85,0.00,0,55,4,2.00
231,11,10.17,0.00,0,55,4,2.00
232,11,10.65,0.00,1,55,4,2.00
233,12,9.97,0.00,0,56,4,2.00
234,10,9.76,0.00,0,56,3,2.00
235,11,9.07,0.00,0,56,3,2.00
236,10,8.64,0.00,1,56,3,2.00
237,11,7.43,0.00,2,56,3,2.00
238,11,7.29,0.00,2,56,3,2.00
239,11,5.54,0.00,1,57,4,2.00
240,11,5.71,0.00,2,57,4,2.00
241,11,6.66,0.00,2,57,4,2.00
242,12,7.21,0.00,1,59,3,2.00
243,12,8.15,0.00,2,59,3,2.00
244,12,8.93,0.00,0,61,5,2.00
245,11,9.19,0.00,0,61,5,2.00
246,12,8.66,0.00,0,61,5,2.00
247,12,8.87,0.00,0,61,5,2.00
248,13,8.23,0.00,0,61,5,2.00
249,13,8.26,0.00,0,61,5,2.00
250,14,7.70,0.00,1,61,6,2.00
251,13,7.81,0.00,0,62,5,2.00
252,13,8.03,0.00,0,62,5,2.00
253,13,7.19,0.00,1,62,4,2.00
254,12,6.94,0.00,1,62,3,2.00
255,10,6.32,0.00,1,62,3,2.00
256,11,6.20,0.00,2,62,3,2.00
257,11,6.71,0.00,1,63,3,2.00
258,11,6.99,0.00,1,63,3,2.33
259,11,6.48,0.00,1,63,3,2.33
260,11,5.89,0.00,1,63,3,2.33
261,11,3.98,0.00,1,63,3,2.33
262,11,3.79,0.00,1,63,3,2.67
263,11,3.61,0.00,1,63,3,2.67
264,11,3.81,0.00,1,63,3,2.67
265,12,3.56,0.00,1,63,3,2.67
266,13,3.32,0.00,1,63,3,2.67
267,13,3.40,0.00,1,63,3,2.67
268,13,3.64,0.00,1,63,3,2.67
269,12,3.08,0.00,2,63,3,2.67
270,13,3.22,0.00,1,64,3,2.67
271,13,3.82,0.00,1,64,3,2.67
272,14,3.91,0.00,1,64,3,2.67
273,15,4.07,0.00,2,64,3,3.33
274,15,4.57,0.00,1,65,3,3.33
275,15,4.98,0.00,1,65,3,3.33
276,16,4.81,0.00,1,65,3,3.33
277,16,5.01,0.00,1,66,3,3.33
278,17,4.95,0.00,1,66,3,3.33
279,17,5.52,0.00,0,67,3,3.67
280,17,5.14,0.00,0,67,4,3.25
281,17,5.31,0.00,0,67,4,3.25
282,17,5.39,0.00,0,67,4,3.25
283,17,5.42,0.00,0,67,4,3.50
284,16,4.99,0.00,1,67,3,4.67
285,16,4.94,0.00,0,68,3,4.67
286,16,4.97,0.00,1,68,3,4.67
287,16,4.74,0.00,3,68,3,4.67
288,16,4.37,0.00,1,70,2,4.50
289,17,4.62,0.00,1,71,2,2.50
290,16,4.57,0.00,1,71,4,2.75
291,16,4.67,0.00,1,71,3,3.67
292,16,4.97,0.00,1,71,3,3.67
293,16,5.43,0.00,1,72,3,3.67
294,16,5.94,0.00,0,73,2,4.00
295,17,5.73,0.00,0,73,3,3.67
296,16,5.79,0.00,1,73,3,3.67
297,16,6.16,0.00,0,74,2,4.50
298,17,5.95,0.00,1,74,2,4.50
299,17,6.29,0.00,1,75,3,3.67
300,16,5.91,0.00,1,75,4,3.25
301,15,6.43,0.00,0,76,4,3.25
302,15,7.31,0.00,1,76,4,3.25
303,14,7.80,0.00,1,77,2,2.50
304,13,8.61,0.00,1,78,3,2.67
305,13,9.47,0.00,0,79,4,3.00
306,13,9.68,0.00,0,79,3,4.00
307,14,8.46,0.00,0,79,3,4.00
308,14,6.87,0.00,1,79,3,3.67
309,13,6.35,0.00,1,79,3,3.33
310,13,6.33,0.00,1,80,3,3.33
311,13,5.70,0.00,1,80,3,3.33
312,13,6.62,0.00,0,81,2,2.00
313,13,7.67,0.00,1,81,3,2.67
314,13,8.72,0.00,0,82,4,2.50
315,11,9.52,0.00,1,82,4,2.50
316,10,10.43,0.00,0,83,4,2.50
317,11,10.14,0.00,1,83,4,2.50
318,11,10.47,0.00,1,83,4,2.50
319,12,9.91,0.00,1,84,3,2.67
320,12,9.26,0.00,0,85,3,2.33
321,12,9.86,0.00,2,85,3,2.33
322,11,10.25,0.00,1,87,2,2.00
323,12,9.78,0.00,0,88,2,2.00
324,11,10.79,0.00,1,88,2,2.50
325,10,11.48,0.00,0,89,2,2.00
326,11,10.89,0.00,0,89,2,2.00
327,11,11.58,0.00,0,89,2,2.00
328,11,12.02,0.00,0,89,2,2.00
329,10,11.65,0.00,0,89,1,2.00
330,10,10.31,0.00,1,89,1,2.00
331,9,9.33,0.00,1,89,1,2.00
332,10,7.95,0.00,2,89,2,2.00
333,9,7.64,0.00,1,90,2,2.00
334,8,7.86,0.00,1,90,2,2.00
335,7,8.31,0.00,0,91,3,2.00
336,8,7.62,0.00,0,91,3,2.33
337,8,8.87,0.00,1,91,3,2.33
338,8,9.65,0.00,0,92,4,2.50
339,8,9.78,0.00,1,92,4,2.50
340,8,10.15,0.00,1,92,4,2.50
341,9,9.37,0.00,0,93,3,2.67
342,9,10.20,0.00,1,93,3,2.67
343,8,10.28,0.00,0,94,3,2.33
344,8,10.64,0.00,1,94,3,2.33
345,7,10.51,0.00,1,94,2,2.50
346,7,10.22,0.00,0,95,1,2.00
347,7,10.95,0.00,1,95,1,2.00
348,8,9.94,0.00,0,96,1,2.00
349,7,10.35,0.00,0,96,1,2.00
350,7,10.07,0.00,0,96,1,2.00
351,7,10.71,0.00,1,96,1,2.00
352,6,10.85,0.00,0,97,1,2.00
353,6,11.32,0.00,0,97,1,2.00
354,7,9.27,0.00,1,97,1,2.00
355,7,9.63,0.00,1,97,1,2.00
356,6,9.92,0.00,0,98,1,2.00
357,6,8.82,0.00,0,98,1,2.00
358,5,9.60,0.00,0,98,1,2.00
359,5,10.59,0.00,0,98,1,2.00
360,6,8.53,0.00,1,98,2,2.00
361,6,9.58,0.00,1,98,2,2.00
362,6,10.41,0.00,0,99,2,2.00
363,6,11.33,0.00,0,99,2,2.00
364,5,12.45,0.00,0,99,2,2.00
365,5,12.95,0.00,0,99,2,2.00
366,4,13.06,0.00,1,99,2,2.00
367,4,13.06,0.00,1,99,2,2.00
368,4,13.06,0.00,0,100,2,2.00
369,5,9.60,0.00,0,100,2,2.00
370,5,10.05,0.00,1,100,2,2.00
371,4,9.71,0.00,1,100,2,2.00
372,5,7.69,0.00,0,101,1,2.00
373,5,8.29,0.00,0,101,1,2.00
374,5,9.95,0.00,1,101,1,2.00
375,5,10.45,0.00,0,102,1,2.00
376,5,11.45,0.00,0,102,1,2.00
377,5,12.44,0.00,0,102,1,2.00
378,4,12.39,0.00,0,102,1,2.00
379,4,12.39,0.00,0,102,1,2.00
380,4,12.39,0.00,0,102,1,2.00
381,4,12.39,0.00,0,102,1,2.00
382,3,11.86,0.00,0,102,1,2.00
383,3,10.50,0.00,1,102,1,2.00
384,3,9.87,0.00,0,103,1,2.00
385,3,9.21,0.00,1,103,1,2.00
386,3,5.84,0.00,0,104,1,2.00
387,3,7.52,0.00,0,104,1,2.00
388,4,6.89,0.00,0,104,1,2.00
389,4,8.49,0.00,0,104,1,2.00
390,4,9.74,0.00,0,104,1,2.00
391,5,8.39,0.00,0,104,2,2.00
392,5,9.39,0.00,0,104,2,2.00
393,6,8.66,0.00,0,104,2,2.00
394,6,9.70,0.00,0,104,2,2.00
395,5,10.37,0.00,0,104,2,2.00
396,6,9.48,0.00,0,104,2,2.00
397,5,10.10,0.00,0,104,2,2.00
398,5,11.10,0.00,0,104,2,2.00
399,5,11.21,0.00,0,104,2,2.00
400,6,9.00,0.00,1,104,2,2.00
401,6,9.12,0.00,2,104,2,2.00
402,6,8.62,0.00,1,105,2,2.00
403,7,7.46,0.00,1,105,3,2.00
404,8,7.01,0.00,1,105,3,2.00
405,9,7.12,0.00,1,106,3,2.33
406,9,7.55,0.00,1,106,3,2.33
407,10,7.60,0.00,0,107,3,2.33
408,10,8.53,0.00,1,107,3,2.33
409,10,9.56,0.00,1,107,3,2.33
410,11,9.34,0.00,0,108,4,2.25
411,11,10.23,0.00,0,108,4,2.25
412,11,10.41,0.00,1,108,4,2.25
413,12,9.55,0.00,1,108,4,2.25
414,11,9.91,0.00,0,109,3,2.00
415,10,9.94,0.00,0,109,2,2.00
416,10,9.73,0.00,1,109,2,2.00
417,10,8.37,0.00,1,109,2,2.00
418,10,8.64,0.00,1,110,2,2.00
419,10,9.12,0.00,1,110,2,2.00
420,9,8.94,0.00,0,111,2,2.00
421,9,8.96,0.00,1,111,2,2.00
422,9,8.99,0.00,0,112,1,2.00
423,9,9.51,0.00,1,112,1,2.00
424,8,9.33,0.00,0,113,1,2.00
425,9,8.04,0.00,0,113,1,2.00
426,9,7.82,0.00,1,113,1,2.00
427,10,7.54,0.00,1,114,3,2.00
428,9,7.59,0.00,2,114,3,2.00
429,9,6.99,0.00,1,115,4,2.00
430,10,7.46,0.00,1,115,4,2.25
431,10,8.98,0.00,1,115,4,2.25
432,11,9.19,0.00,1,116,4,2.25
433,12,9.22,0.00,1,116,4,2.50
434,11,9.26,0.00,0,117,4,2.50
435,11,10.44,0.00,0,117,4,2.50
436,12,10.24,0.00,0,117,5,2.40
437,12,10.59,0.00,0,117,5,2.40
438,12,10.35,0.00,1,117,4,2.75
439,11,10.94,0.00,0,118,3,2.33
440,11,11.26,0.00,0,118,4,2.50
441,12,10.15,0.00,1,118,4,2.75
442,12,10.06,0.00,1,119,3,2.67
443,11,10.04,0.00,0,120,3,2.67
444,11,10.23,0.00,0,120,3,2.67
445,10,10.17,0.00,0,120,3,2.67
446,11,9.00,0.00,1,120,3,2.67
447,12,8.47,0.00,1,121,3,2.67
448,12,7.71,0.00,0,122,2,2.00
449,12,8.54,0.00,1,122,2,2.00
450,13,8.47,0.00,0,123,3,2.00
451,13,8.66,0.00,1,123,3,2.00
452,14,8.46,0.00,1,123,3,2.00
453,12,8.26,0.00,0,124,3,2.00
454,13,8.09,0.00,2,124,3,2.33
455,13,9.18,0.00,1,125,3,2.67
456,12,9.88,0.00,0,126,2,2.50
457,13,9.39,0.00,0,126,3,2.67
458,13,9.97,0.00,0,126,3,2.67
459,14,9.18,0.00,1,126,3,2.67
460,15,8.60,0.00,0,127,3,2.67
461,14,7.87,0.00,0,127,4,2.75
462,13,7.97,0.00,1,127,4,2.75
463,13,8.56,0.00,0,128,3,2.33
464,13,8.92,0.00,0,128,4,2.25
465,12,8.71,0.00,1,128,4,2.25
466,11,8.08,0.00,0,129,4,2.25
467,11,8.26,0.00,0,129,4,2.25
468,11,7.82,0.00,0,129,4,2.25
469,12,6.41,0.00,0,129,4,2.25
470,11,5.57,0.00,0,129,4,2.25
471,11,5.30,0.00,0,129,4,2.25
472,11,5.12,0.00,1,129,4,2.25
473,11,4.94,0.00,1,129,4,2.25
474,11,4.64,0.00,1,129,4,2.25
475,10,3.52,0.00,2,129,4,2.25
476,11,3.00,0.00,1,130,4,2.25
477,11,3.88,0.00,1,130,4,2.50
478,10,4.29,0.00,2,131,4,2.50
479,11,4.94,0.00,1,132,5,2.40
480,11,5.87,0.00,0,133,5,2.40
481,11,6.63,0.00,1,133,5,2.40
482,11,7.14,0.00,0,134,4,2.75
483,11,7.40,0.00,1,134,4,2.75
484,11,7.68,0.00,1,135,4,3.00
485,12,7.66,0.00,1,135,4,3.00
486,12,8.68,0.00,0,136,4,2.50
487,12,9.49,0.00,1,136,5,2.40
488,13,9.28,0.00,0,137,5,2.40
489,12,10.02,0.00,1,137,5,2.20
490,10,10.46,0.00,0,138,5,2.00
491,11,9.43,0.00,0,138,6,2.00
492,11,9.57,0.00,0,138,6,2.00
493,10,9.49,0.00,1,138,5,2.00
494,9,9.66,0.00,1,138,5,2.00
495,9,8.54,0.00,0,139,4,2.25
496,8,8.75,0.00,0,139,4,2.25
497,9,7.78,0.00,1,139,5,2.20
498,9,8.25,0.00,1,139,5,2.20
499,8,8.47,0.00,0,140,5,2.20
500,8,9.16,0.00,1,140,5,2.20
501,9,8.87,0.00,1,140,5,2.20
502,8,9.27,0.00,0,141,3,2.00
503,9,8.85,0.00,1,141,3,2.00
504,9,9.77,0.00,0,142,4,2.00
505,9,10.28,0.00,1,142,4,2.00
506,9,10.83,0.00,1,142,4,2.00
507,8,11.30,0.00,1,143,4,2.00
508,8,11.61,0.00,0,144,3,2.00
509,7,11.60,0.00,0,144,3,2.00
510,7,11.79,0.00,0,144,3,2.00
511,7,11.79,0.00,0,144,3,2.00
512,7,10.89,0.00,0,144,3,2.00
513,8,8.65,0.00,1,144,3,2.00
514,7,9.01,0.00,1,145,2,2.00
515,7,8.50,0.00,0,146,2,2.00
516,7,9.93,0.00,0,146,2,2.00
517,6,10.24,0.00,0,146,2,2.00
518,5,10.38,0.00,1,146,2,2.00
519,5,10.88,0.00,0,147,2,2.00
520,5,11.38,0.00,0,147,2,2.00
521,5,11.48,0.00,0,147,2,2.00
522,5,11.48,0.00,0,147,2,2.00
523,5,11.48,0.00,0,147,2,2.00
524,6,9.56,0.00,0,147,2,2.00
525,5,9.21,0.00,0,147,2,2.00
526,6,8.10,0.00,0,147,3,2.00
527,5,6.86,0.00,0,147,3,2.00
528,5,6.80,0.00,1,147,3,2.00
529,5,7.99,0.00,1,148,3,2.00
530,6,7.49,0.00,0,149,3,2.00
531,6,8.97,0.00,0,149,3,2.00
532,5,10.07,0.00,0,149,3,2.00
533,5,10.90,0.00,0,149,3,2.00
534,5,11.40,0.00,0,149,3,2.00
535,5,11.90,0.00,0,149,3,2.00
536,6,9.93,0.00,0,149,3,2.00
537,6,9.80,0.00,1,149,3,2.00
538,7,8.75,0.00,1,149,4,2.00
539,7,9.02,0.00,0,150,3,2.00
540,6,9.80,0.00,1,150,3,2.00
541,7,9.23,0.00,0,151,3,2.33
542,7,8.08,0.00,0,151,3,2.33
543,7,8.50,0.00,0,151,3,2.33
544,7,9.92,0.00,1,151,3,2.33
545,7,10.99,0.00,0,152,3,2.33
546,7,11.84,0.00,0,152,3,2.33
547,7,11.82,0.00,0,152,3,2.33
548,7,11.18,0.00,0,152,3,2.33
549,7,11.05,0.00,1,152,3,2.33
550,6,10.59,0.00,0,153,2,2.00
551,6,10.37,0.00,0,153,2,2.00
552,5,11.04,0.00,1,153,2,2.00
553,6,9.73,0.00,0,154,2,2.00
554,6,9.66,0.00,0,154,2,2.00
555,5,9.86,0.00,1,154,2,2.00
556,5,10.12,0.00,0,155,2,2.00
557,5,10.78,0.00,1,155,2,2.00
558,6,9.42,0.00,0,156,2,2.00
559,6,10.49,0.00,0,156,2,2.00
560,6,10.97,0.00,0,156,2,2.00
561,5,11.13,0.00,0,156,2,2.00
562,6,9.70,0.00,0,156,2,2.00
563,5,10.06,0.00,0,156,2,2.00
564,5,10.08,0.00,0,156,2,2.00
565,6,8.07,0.00,0,156,3,2.00
566,7,7.99,0.00,1,156,3,2.00
567,7,9.34,0.00,0,157,3,2.00
568,7,8.81,0.00,0,157,3,2.00
569,8,8.54,0.00,0,157,3,2.00
570,8,9.22,0.00,0,157,3,2.00
571,7,9.93,0.00,1,157,3,2.00
572,7,10.64,0.00,0,158,3,2.00
573,8,10.25,0.00,0,158,3,2.00
574,8,10.88,0.00,0,158,3,2.00
575,8,10.74,0.00,0,158,3,2.00
576,9,9.57,0.00,1,158,3,2.00
577,8,9.60,0.00,1,158,3,2.00
578,9,9.04,0.00,1,159,3,2.00
579,9,9.55,0.00,1,159,3,2.00
580,9,10.22,0.00,1,160,3,2.00
581,9,10.55,0.00,0,161,3,2.00
582,8,11.25,0.00,2,161,3,2.00
583,8,11.89,0.00,0,163,3,2.00
584,9,10.83,0.00,0,163,3,2.00
585,9,10.87,0.00,0,163,3,2.00
586,9,10.64,0.00,0,163,3,2.00
587,9,10.55,0.00,0,163,3,2.00
588,10,9.75,0.00,1,163,4,2.00
589,9,10.06,0.00,0,164,4,2.00
590,8,9.76,0.00,0,164,4,2.00
591,7,9.00,0.00,1,164,4,2.00
592,8,8.42,0.00,1,164,4,2.25
593,8,8.83,0.00,0,165,4,2.25
594,8,7.99,0.00,0,165,4,2.50
595,8,8.39,0.00,0,165,4,2.50
596,7,8.21,0.00,0,165,4,2.50
597,8,7.73,0.00,1,165,4,2.50
598,7,7.44,0.00,1,165,4,2.50
599,8,7.40,0.00,0,166,4,2.00
600,8,8.71,0.00,1,166,4,2.00
601,8,9.90,0.00,1,166,4,2.00
602,8,10.39,0.00,0,167,5,2.20
603,8,9.23,0.00,1,167,5,2.40
604,9,8.96,0.00,0,168,4,2.25
605,9,10.30,0.00,1,168,4,2.25
606,9,11.02,0.00,0,169,4,2.25
607,10,9.97,0.00,0,169,4,2.25
608,10,10.17,0.00,0,169,4,2.25
609,9,9.97,0.00,0,169,4,2.25
610,10,9.25,0.00,0,169,5,2.20
611,11,8.85,0.00,1,169,5,2.20
612,11,9.30,0.00,0,170,4,2.00
613,11,8.26,0.00,1,170,5,2.00
614,11,8.94,0.00,1,170,5,2.00
615,10,9.14,0.00,0,171,5,2.00
616,9,8.95,0.00,0,171,5,2.00
617,9,8.86,0.00,1,171,5,2.20
618,9,8.50,0.00,0,172,5,2.20
619,10,7.70,0.00,0,172,5,2.20
620,10,7.82,0.00,0,172,5,2.20
621,10,7.51,0.00,0,172,5,2.20
622,10,7.31,0.00,0,172,5,2.20
623,10,5.92,0.00,0,172,5,2.20
624,10,5.73,0.00,1,172,5,2.20
625,9,5.02,0.00,1,172,5,2.20
626,10,5.02,0.00,1,173,5,2.20
627,10,5.32,0.00,1,173,5,2.20
628,10,6.18,0.00,0,174,5,2.20
629,9,6.29,0.00,0,174,5,2.20
630,9,6.84,0.00,0,174,5,2.20
631,9,7.18,0.00,0,174,5,2.20
632,9,7.07,0.00,1,174,5,2.20
633,9,6.81,0.00,1,174,6,2.17
634,9,6.31,0.00,0,175,6,2.17
635,9,6.08,0.00,0,175,6,2.17
636,9,4.43,0.00,0,175,5,2.20
637,8,3.50,0.00,0,175,5,2.20
638,8,3.82,0.00,1,175,5,2.20
639,9,3.83,0.00,1,176,5,2.20
640,10,4.58,0.00,2,176,6,2.17
641,10,6.33,0.00,2,176,6,2.17
642,10,7.72,0.00,0,178,4,2.00
643,10,9.44,0.00,2,178,4,2.00
644,10,10.95,0.00,0,180,5,2.00
645,9,11.77,0.00,1,180,5,2.00
646,9,12.17,0.00,0,181,5,2.00
647,9,12.72,0.00,0,181,5,2.00
648,9,10.91,0.00,0,181,5,2.00
649,9,11.13,0.00,1,181,5,2.00
650,9,11.38,0.00,0,182,4,2.00
651,9,11.92,0.00,1,182,4,2.00
652,8,10.79,0.00,0,183,3,2.00
653,9,10.25,0.00,0,183,3,2.00
654,7,9.51,0.00,1,183,3,2.00
655,8,8.95,0.00,0,184,4,2.00
656,8,9.95,0.00,0,184,4,2.00
657,8,9.51,0.00,0,184,4,2.00
658,8,10.35,0.00,0,184,4,2.00
659,8,10.97,0.00,0,184,4,2.00
660,7,10.98,0.00,0,184,4,2.00
661,6,10.43,0.00,0,184,4,2.00
662,6,11.26,0.00,1,184,4,2.00
663,6,11.45,0.00,0,185,4,2.00
664,6,11.51,0.00,0,185,4,2.00
665,7,9.51,0.00,1,185,4,2.00
666,8,8.11,0.00,0,186,4,2.00
667,7,8.58,0.00,1,186,4,2.00
668,7,9.32,0.00,0,187,3,2.00
669,7,9.40,0.00,0,187,3,2.00
670,7,10.28,0.00,2,187,3,2.00
671,7,10.36,0.00,0,189,3,2.00
672,8,9.69,0.00,0,189,3,2.00
673,8,10.63,0.00,0,189,3,2.00
674,7,11.07,0.00,0,189,3,2.00
675,7,11.43,0.00,0,189,3,2.00
676,7,11.79,0.00,0,189,3,2.00
677,6,11.36,0.00,0,189,3,2.00
678,6,10.61,0.00,0,189,3,2.00
679,5,10.66,0.00,1,189,3,2.00
680,6,8.13,0.00,0,190,3,2.00
681,5,8.05,0.00,1,190,3,2.00
682,5,6.63,0.00,0,191,3,2.00
683,5,8.29,0.00,0,191,3,2.00
684,5,9.74,0.00,0,191,3,2.00
685,6,8.44,0.00,0,191,3,2.00
686,6,9.91,0.00,1,191,3,2.00
687,7,9.04,0.00,0,192,4,2.00
688,8,8.28,0.00,0,192,4,2.00
689,8,9.22,0.00,0,192,4,2.00
690,8,10.12,0.00,0,192,4,2.00
691,7,10.27,0.00,0,192,4,2.00
692,7,10.34,0.00,1,192,4,2.00
693,7,10.42,0.00,1,192,4,2.00
694,7,10.42,0.00,0,193,4,2.00
695,6,10.77,0.00,0,193,4,2.00
696,6,10.44,0.00,0,193,4,2.00
697,7,8.90,0.00,1,193,4,2.00
698,8,7.53,0.00,0,194,4,2.00
699,7,8.47,0.00,1,194,4,2.00
700,8,8.30,0.00,0,195,5,2.00
701,8,9.04,0.00,0,195,5,2.00
702,8,9.58,0.00,1,195,5,2.00
703,8,10.47,0.00,2,195,5,2.00
704,7,10.57,0.00,0,197,5,2.00
705,7,11.11,0.00,0,197,5,2.00
706,7,11.44,0.00,0,197,5,2.00
707,7,11.49,0.00,0,197,5,2.00
708,8,10.05,0.00,0,197,5,2.00
709,8,10.15,0.00,0,197,5,2.00
710,7,9.77,0.00,2,197,4,2.00
711,8,8.48,0.00,1,198,3,2.00
712,7,8.20,0.00,1,198,3,2.00
713,8,7.51,0.00,1,198,4,2.00
714,8,7.50,0.00,2,198,4,2.00
715,8,8.12,0.00,1,199,4,2.00
716,7,6.95,0.00,1,199,4,2.25
717,7,8.02,0.00,1,199,4,2.25
718,7,8.89,0.00,1,199,4,2.25
719,7,9.61,0.00,1,199,4,2.25
720,7,9.29,0.00,1,199,4,2.25
721,7,8.76,0.00,2,199,4,2.25
722,7,7.32,0.00,2,199,4,2.50
723,7,8.06,0.00,1,200,4,2.50
724,8,7.96,0.00,1,200,4,2.75
725,8,8.81,0.00,0,201,4,2.75
726,8,9.11,0.00,0,201,4,2.75
727,8,8.16,0.00,1,201,4,2.75
728,8,8.11,0.00,1,201,4,2.75
729,8,8.90,0.00,1,202,3,2.00
730,8,9.61,0.00,1,202,3,2.00
731,8,10.45,0.00,0,203,4,2.00
732,8,11.28,0.00,1,203,4,2.00
733,8,9.69,0.00,0,204,4,2.00
734,8,10.32,0.00,0,204,4,2.00
735,8,8.68,0.00,0,204,4,2.00
736,8,9.18,0.00,1,204,4,2.00
737,9,8.52,0.00,0,205,5,2.00
738,9,8.99,0.00,0,205,5,2.00
739,10,8.45,0.00,1,205,5,2.00
740,10,8.98,0.00,0,206,5,2.00
741,10,9.48,0.00,0,206,5,2.00
742,9,9.93,0.00,0,206,4,2.00
743,9,10.48,0.00,0,206,4,2.00
744,7,10.02,0.00,0,206,4,2.00
745,7,9.48,0.00,0,206,4,2.00
746,7,9.47,0.00,1,206,5,2.00
747,7,9.47,0.00,0,207,5,2.00
748,7,9.79,0.00,1,207,5,2.00
749,6,10.08,0.00,1,208,3,2.00
750,5,10.08,0.00,1,208,3,2.00
751,5,10.27,0.00,1,208,3,2.00
752,5,9.30,0.00,0,209,3,2.00
753,6,8.31,0.00,2,209,3,2.00
754,7,7.65,0.00,0,211,3,2.00
755,7,9.08,0.00,0,211,3,2.00
756,8,9.03,0.00,0,211,4,2.00
757,8,8.41,0.00,0,211,4,2.00
758,8,9.66,0.00,0,211,4,2.00
759,7,10.49,0.00,0,211,4,2.00
760,7,11.21,0.00,0,211,4,2.00
761,7,11.92,0.00,0,211,4,2.00
762,8,10.79,0.00,0,211,4,2.00
763,8,9.62,0.00,0,211,4,2.00
764,8,8.59,0.00,0,211,5,2.00
765,8,9.28,0.00,1,211,5,2.00
766,9,8.96,0.00,0,212,4,2.00
767,8,9.50,0.00,1,212,4,2.00
768,8,10.38,0.00,2,212,4,2.00
769,8,11.01,0.00,0,214,4,2.00
770,8,11.22,0.00,0,214,4,2.00
771,8,11.30,0.00,1,214,4,2.00
772,8,11.38,0.00,1,214,4,2.00
773,9,9.81,0.00,0,215,4,2.00
774,9,9.86,0.00,0,215,4,2.00
775,9,8.41,0.00,0,215,4,2.00
776,10,7.87,0.00,0,215,4,2.00
777,10,7.96,0.00,0,215,4,2.00
778,9,7.15,0.00,0,215,4,2.00
779,9,7.16,0.00,0,215,4,2.00
780,8,6.71,0.00,1,215,4,2.00
781,8,7.38,0.00,1,215,4,2.00
782,9,6.72,0.00,0,216,4,2.00
783,9,7.23,0.00,0,216,4,2.00
784,9,6.22,0.00,0,216,5,2.00
785,10,5.65,0.00,0,216,6,2.00
786,10,5.50,0.00,1,216,6,2.00
787,10,5.09,0.00,1,216,6,2.00
788,11,4.16,0.00,2,216,6,2.00
789,11,4.95,0.00,2,216,6,2.00
790,12,4.82,0.00,1,217,6,2.17
791,12,5.44,0.00,1,217,6,2.17
792,12,6.04,0.00,1,217,6,2.17
793,12,6.39,0.00,1,217,6,2.17
794,11,6.24,0.00,1,217,6,2.17
795,11,6.16,0.00,1,217,6,2.17
796,11,5.91,0.00,2,217,6,2.33
797,11,5.86,0.00,1,218,5,2.20
798,11,5.92,0.00,1,218,5,2.20
799,10,4.48,0.00,2,218,5,2.20
800,10,3.70,0.00,1,219,5,2.20
801,11,3.08,0.00,1,219,5,2.20
802,11,3.23,0.00,1,219,5,2.20
803,11,3.04,0.00,2,219,5,2.20
804,12,3.21,0.00,2,219,6,2.17
805,12,3.99,0.00,1,220,6,2.17
806,13,4.47,0.00,1,220,6,2.17
807,13,5.24,0.00,1,221,6,2.17
808,14,5.69,0.00,1,222,7,2.14
809,13,6.35,0.00,1,222,7,2.14
810,14,6.70,0.00,0,223,7,2.14
811,14,7.52,0.00,1,223,7,2.14
812,13,7.89,0.00,0,224,7,2.29
813,13,8.37,0.00,0,224,6,2.50
814,13,8.72,0.00,0,224,6,2.67
815,13,7.76,0.00,1,224,6,2.67
816,13,7.78,0.00,1,224,6,2.67
817,15,6.52,0.00,0,225,6,2.67
818,14,6.05,0.00,1,225,6,2.67
819,14,6.31,0.00,1,226,6,2.67
820,15,6.32,0.00,1,226,6,2.83
821,14,7.10,0.00,0,227,5,2.20
822,13,8.14,0.00,1,227,5,2.40
823,13,9.15,0.00,0,228,5,2.60
824,13,8.73,0.00,1,228,5,2.80
825,13,8.90,0.00,1,228,5,2.80
826,13,9.07,0.00,1,229,4,2.50
827,13,9.40,0.00,0,230,6,2.50
828,13,9.54,0.00,1,230,6,2.50
829,12,9.10,0.00,0,231,6,2.50
830,11,8.02,0.00,0,231,5,2.60
831,10,7.46,0.00,1,231,5,2.60
832,10,7.63,0.00,1,232,5,2.60
833,10,7.76,0.00,1,232,5,2.60
834,10,8.34,0.00,0,233,4,2.00
835,10,7.76,0.00,1,233,5,2.20
836,10,8.35,0.00,0,234,6,2.17
837,9,9.03,0.00,1,234,6,2.17
838,9,9.65,0.00,0,235,6,2.17
839,8,10.15,0.00,1,235,5,2.20
840,7,10.13,0.00,1,235,5,2.20
841,7,10.47,0.00,1,236,4,2.50
842,7,11.05,0.00,0,237,4,2.50
843,7,9.45,0.00,0,237,4,2.50
844,7,9.81,0.00,0,237,4,2.50
845,8,8.89,0.00,0,237,5,2.40
846,8,7.84,0.00,0,237,5,2.20
847,8,8.77,0.00,0,237,5,2.20
848,7,9.47,0.00,0,237,5,2.00
849,7,9.95,0.00,1,237,5,2.00
850,6,10.27,0.00,0,238,4,2.00
851,7,9.54,0.00,0,238,4,2.25
852,6,10.10,0.00,0,238,4,2.25
853,5,10.45,0.00,0,238,4,2.25
854,6,9.12,0.00,0,238,4,2.50
855,6,9.33,0.00,0,238,4,2.50
856,7,7.85,0.00,0,238,4,2.75
857,7,8.47,0.00,1,238,4,2.75
858,7,9.01,0.00,0,239,3,2.00
859,7,9.07,0.00,0,239,3,2.00
860,8,7.74,0.00,1,239,3,2.00
861,8,8.56,0.00,2,239,3,2.00
862,8,8.10,0.00,1,240,3,2.00
863,8,9.34,0.00,1,240,3,2.00
864,9,9.26,0.00,0,241,6,2.17
865,9,9.50,0.00,0,241,6,2.17
866,9,9.80,0.00,1,241,6,2.17
867,9,10.12,0.00,0,242,5,2.00
868,8,10.41,0.00,1,242,5,2.00
869,9,9.65,0.00,1,242,5,2.00
870,9,9.70,0.00,0,243,5,2.00
871,9,9.75,0.00,0,243,5,2.00
872,9,10.27,0.00,1,243,5,2.00
873,9,10.23,0.00,0,244,5,2.20
874,9,8.70,0.00,0,244,4,2.25
875,8,8.02,0.00,0,244,4,2.25
876,9,6.76,0.00,0,244,4,2.25
877,9,6.81,0.00,0,244,4,2.25
878,9,7.07,0.00,0,244,4,2.25
879,9,6.34,0.00,0,244,5,2.20
880,8,6.19,0.00,0,244,5,2.20
881,9,6.06,0.00,0,244,5,2.40
882,9,5.03,0.00,1,244,5,2.40
883,9,5.86,0.00,0,245,5,2.40
884,10,5.97,0.00,0,245,5,2.40
885,10,6.72,0.00,0,245,5,2.40
886,11,6.79,0.00,0,245,6,2.33
887,11,7.07,0.00,1,245,6,2.33
888,11,7.12,0.00,0,246,6,2.33
889,12,7.15,0.00,1,246,6,2.50
890,13,7.10,0.00,0,247,5,2.60
891,13,7.69,0.00,0,247,5,2.60
892,13,8.04,0.00,0,247,7,2.43
893,14,7.41,0.00,1,247,7,2.43
894,13,7.01,0.00,0,248,6,2.50
895,14,6.35,0.00,0,248,7,2.43
896,14,6.48,0.00,1,248,7,2.43
897,14,6.88,0.00,1,249,7,2.57
898,14,7.41,0.00,0,250,6,2.50
899,13,7.83,0.00,0,250,5,2.60
900,12,7.84,0.00,1,250,5,2.60
901,12,7.73,0.00,0,251,5,2.60
902,12,7.35,0.00,0,251,5,2.60
903,12,7.18,0.00,0,251,5,2.60
904,12,6.45,0.00,1,251,5,2.60
905,12,5.08,0.00,1,251,5,2.60
906,12,5.04,0.00,2,251,5,2.60
907,12,4.81,0.00,1,252,5,2.60
908,10,3.49,0.00,1,252,5,2.60
909,11,3.83,0.00,2,252,5,2.60
910,11,4.97,0.00,1,253,4,2.75
911,11,4.90,0.00,1,254,3,2.00
912,11,6.22,0.00,2,254,4,2.25
913,11,8.04,0.00,1,255,4,2.25
914,12,8.31,0.00,2,255,4,2.25
915,13,7.99,0.00,1,256,5,2.20
916,13,8.52,0.00,1,256,5,2.20
917,13,9.28,0.00,1,256,5,2.20
918,13,9.65,0.00,0,257,4,2.00
919,13,9.88,0.00,1,257,5,2.00
920,12,9.06,0.00,1,257,5,2.20
921,11,8.91,0.00,0,258,5,2.20
922,12,8.31,0.00,0,258,5,2.40
923,11,7.53,0.00,1,258,5,2.40
924,11,7.58,0.00,0,259,4,2.00
925,11,8.13,0.00,0,259,4,2.00
926,11,7.42,0.00,1,259,5,2.00
927,11,8.00,0.00,0,260,5,2.00
928,10,7.68,0.00,0,260,5,2.00
929,11,6.80,0.00,1,260,5,2.00
930,11,7.43,0.00,1,260,5,2.00
931,12,7.23,0.00,0,261,5,2.20
932,11,7.61,0.00,0,261,5,2.20
933,11,7.80,0.00,1,261,5,2.20
934,10,7.73,0.00,1,261,5,2.20
935,10,7.92,0.00,0,262,5,2.20
936,9,7.75,0.00,0,262,5,2.20
937,10,6.66,0.00,1,262,5,2.20
938,10,6.63,0.00,1,262,5,2.20
939,10,6.89,0.00,1,263,5,2.00
940,10,7.13,0.00,1,263,5,2.00
941,10,6.95,0.00,0,264,6,2.00
942,11,6.36,0.00,0,264,6,2.00
943,11,5.25,0.00,0,264,6,2.00
944,12,5.11,0.00,1,264,6,2.00
945,12,5.71,0.00,0,265,6,2.17
946,12,5.56,0.00,0,265,7,2.14
947,13,5.91,0.00,0,265,7,2.14
948,13,6.61,0.00,0,265,7,2.14
949,15,6.15,0.00,1,265,8,2.25
950,15,6.78,0.00,2,265,8,2.38
951,16,6.98,0.00,1,266,8,2.38
952,16,7.27,0.00,2,266,8,2.38
953,15,8.28,0.00,2,266,6,2.83
954,15,9.15,0.00,0,268,4,2.25
955,14,9.32,0.00,1,268,5,2.60
956,14,9.74,0.00,0,269,6,2.50
957,14,9.32,0.00,1,269,6,2.50
958,14,8.56,0.00,0,270,6,2.50
959,15,7.44,0.00,0,270,6,2.50
960,15,7.16,0.00,1,270,6,2.50
961,14,6.65,0.00,0,271,5,2.40
962,14,6.90,0.00,0,271,5,2.40
963,14,7.18,0.00,1,271,5,2.40
964,14,7.07,0.00,1,272,5,2.40
965,14,6.09,0.00,0,273,5,2.40
966,15,5.82,0.00,1,273,5,2.40
967,14,6.02,0.00,0,274,4,2.50
968,14,5.81,0.00,0,274,4,2.50
969,14,6.70,0.00,1,274,4,2.50
970,13,7.27,0.00,1,274,4,2.50
971,13,7.18,0.00,0,275,3,2.00
972,13,7.85,0.00,0,275,4,2.25
973,13,8.13,0.00,0,275,4,2.25
974,12,7.59,0.00,1,275,4,2.25
975,11,7.32,0.00,0,276,4,2.50
976,11,7.78,0.00,0,276,5,2.40
977,11,7.49,0.00,0,276,5,2.40
978,11,6.26,0.00,1,276,5,2.40
979,11,4.46,0.00,1,276,5,2.60
980,11,4.28,0.00,0,277,5,2.60
981,12,4.17,0.00,0,277,5,2.60
982,12,3.28,0.00,0,277,6,2.50
983,13,3.45,0.00,1,277,7,2.43
984,13,4.26,0.00,2,277,7,2.43
985,14,5.37,0.00,1,278,6,2.17
986,14,6.99,0.00,1,279,6,2.00
987,14,8.06,0.00,2,279,6,2.00
988,13,8.66,0.00,1,280,6,2.00
989,14,8.64,0.00,2,280,6,2.00
990,14,9.57,0.00,1,282,6,2.00
991,13,10.26,0.00,1,282,6,2.00
992,13,10.58,0.00,0,283,5,2.00
993,13,10.41,0.00,1,283,5,2.00
994,13,10.42,0.00,1,283,5,2.00
995,14,9.35,0.00,0,284,4,2.00
996,14,9.18,0.00,1,284,4,2.00
997,12,8.57,0.00,1,285,4,2.00
998,11,8.36,0.00,0,286,4,2.00
999,11,8.81,0.00,0,286,4,2.00
1000,10,8.63,0.00,0,286,4,2.00
1001,10,7.03,0.00,1,286,4,2.00
1002,10,7.47,0.00,1,286,4,2.00
1003,9,7.82,0.00,2,287,4,2.00
1004,10,8.29,0.00,2,287,4,2.00
1005,10,9.69,0.00,0,289,3,2.00
1006,10,10.42,0.00,1,289,3,2.00
1007,7,9.92,0.00,0,290,3,2.00
1008,7,11.02,0.00,1,290,3,2.00
1009,7,11.40,0.00,1,290,3,2.00
1010,7,11.60,0.00,0,291,3,2.00
1011,7,11.96,0.00,0,291,3,2.00
1012,6,12.05,0.00,0,291,3,2.00
1013,6,12.10,0.00,0,291,3,2.00
1014,6,12.10,0.00,0,291,3,2.00
1015,5,11.41,0.00,0,291,3,2.00
1016,4,9.86,0.00,0,291,4,2.00
1017,4,8.85,0.00,0,291,4,2.00
1018,3,6.38,0.00,0,291,3,2.00
1019,4,5.41,0.00,1,291,3,2.00
1020,3,5.06,0.00,1,292,3,2.00
1021,3,6.72,0.00,1,292,3,2.00
1022,3,8.39,0.00,0,293,3,2.00
1023,3,10.06,0.00,0,293,3,2.00
1024,4,7.97,0.00,0,293,3,2.00
1025,4,8.60,0.00,0,293,3,2.00
1026,5,7.38,0.00,0,293,4,2.00
1027,6,6.65,0.00,0,293,4,2.00
1028,6,7.90,0.00,0,293,4,2.00
1029,6,9.09,0.00,0,293,4,2.00
1030,6,9.93,0.00,0,293,4,2.00
1031,6,10.76,0.00,0,293,4,2.00
1032,6,11.06,0.00,0,293,4,2.00
1033,5,11.32,0.00,1,293,4,2.00
1034,5,11.32,0.00,0,294,4,2.00
1035,4,12.24,0.00,0,294,4,2.00
1036,4,12.66,0.00,0,294,4,2.00
1037,4,12.66,0.00,1,294,4,2.00
1038,4,11.67,0.00,0,295,3,2.00
1039,4,9.42,0.00,1,295,3,2.00
1040,5,6.66,0.00,1,295,3,2.00
1041,6,5.91,0.00,1,296,3,2.00
1042,6,7.58,0.00,1,296,3,2.00
1043,6,9.24,0.00,1,296,3,2.00
1044,6,10.58,0.00,0,297,3,2.00
1045,5,11.77,0.00,0,297,3,2.00
1046,5,12.40,0.00,0,297,3,2.00
1047,5,12.40,0.00,0,297,3,2.00
1048,4,12.46,0.00,0,297,3,2.00
1049,4,12.46,0.00,0,297,3,2.00
1050,4,12.46,0.00,0,297,3,2.00
1051,3,12.16,0.00,0,297,3,2.00
1052,3,11.99,0.00,0,297,3,2.00
1053,2,8.96,0.00,1,297,3,2.00
1054,2,8.90,0.00,1,297,3,2.00
1055,3,4.43,0.00,0,298,3,2.00
1056,3,6.42,0.00,1,298,3,2.00
1057,3,7.80,0.00,0,299,3,2.00
1058,3,9.47,0.00,0,299,3,2.00
1059,3,10.98,0.00,0,299,3,2.00
1060,3,11.79,0.00,0,299,3,2.00
1061,3,11.79,0.00,0,299,3,2.00
1062,3,11.79,0.00,0,299,3,2.00
1063,3,11.79,0.00,0,299,3,2.00
1064,3,11.79,0.00,0,299,3,2.00
1065,3,11.79,0.00,0,299,3,2.00
1066,2,11.68,0.00,0,299,3,2.00
1067,3,6.41,0.00,0,299,3,2.00
1068,4,5.67,0.00,1,299,3,2.00
1069,3,5.59,0.00,0,300,3,2.00
1070,4,6.07,0.00,0,300,4,2.00
1071,4,7.61,0.00,0,300,4,2.00
1072,4,9.48,0.00,0,300,4,2.00
1073,4,11.08,0.00,0,300,4,2.00
1074,4,11.84,0.00,0,300,4,2.00
1075,4,12.46,0.00,0,300,4,2.00
1076,4,13.09,0.00,0,300,4,2.00
1077,5,10.60,0.00,0,300,4,2.00
1078,5,10.66,0.00,0,300,4,2.00
1079,5,10.00,0.00,0,300,4,2.00
1080,5,6.21,0.00,0,300,4,2.00
1081,5,6.35,0.00,1,300,4,2.00
1082,6,5.56,0.00,1,300,4,2.00
1083,6,5.64,0.00,0,301,3,2.00
1084,6,7.23,0.00,1,301,3,2.00
1085,6,8.90,0.00,1,302,3,2.00
1086,6,10.42,0.00,1,302,3,2.00
1087,6,11.27,0.00,0,303,3,2.00
1088,6,11.81,0.00,0,303,3,2.00
1089,6,12.23,0.00,0,303,3,2.00
1090,7,10.68,0.00,0,303,3,2.00
1091,8,9.04,0.00,0,303,3,2.00
1092,8,9.11,0.00,1,303,3,2.00
1093,7,9.04,0.00,1,304,3,2.00
1094,8,8.85,0.00,0,305,3,2.00
1095,7,9.54,0.00,0,305,3,2.00
1096,7,10.61,0.00,0,305,3,2.00
1097,6,10.41,0.00,1,305,3,2.00
1098,6,10.83,0.00,0,306,3,2.00
1099,6,11.66,0.00,0,306,3,2.00
1100,6,11.94,0.00,0,306,3,2.00
1101,6,11.94,0.00,0,306,3,2.00
1102,6,11.72,0.00,0,306,3,2.00
1103,7,9.40,0.00,1,306,3,2.00
1104,6,7.77,0.00,2,306,3,2.00
1105,6,5.67,0.00,1,307,4,2.00
1106,6,6.25,0.00,1,307,4,2.00
1107,6,7.57,0.00,2,307,4,2.00
1108,7,7.56,0.00,0,309,4,2.00
1109,7,9.17,0.00,0,309,4,2.00
1110,8,9.27,0.00,0,309,5,2.00
1111,7,10.25,0.00,0,309,6,2.00
1112,8,9.49,0.00,0,309,6,2.00
1113,8,10.34,0.00,0,309,6,2.00
1114,8,10.89,0.00,0,309,6,2.00
1115,8,10.88,0.00,0,309,6,2.00
1116,9,9.86,0.00,1,309,7,2.00
1117,8,10.14,0.00,0,310,5,2.00
1118,9,9.44,0.00,0,310,5,2.00
1119,7,8.16,0.00,0,310,5,2.00
1120,7,7.88,0.00,0,310,5,2.00
1121,7,8.95,0.00,1,310,5,2.00
1122,7,9.67,0.00,0,311,4,2.00
1123,7,10.13,0.00,0,311,4,2.00
1124,8,8.92,0.00,0,311,4,2.00
1125,8,8.67,0.00,0,311,4,2.00
1126,8,8.81,0.00,2,311,4,2.00
1127,7,9.18,0.00,1,313,3,2.00
1128,7,10.04,0.00,1,313,3,2.00
1129,7,10.39,0.00,1,314,3,2.00
1130,8,9.40,0.00,0,315,3,2.00
1131,9,9.19,0.00,0,315,3,2.00
1132,8,9.13,0.00,1,315,3,2.00
1133,8,9.75,0.00,0,316,3,2.00
1134,8,10.69,0.00,0,316,4,2.00
1135,8,11.13,0.00,0,316,4,2.00
1136,8,10.90,0.00,0,316,4,2.00
1137,9,9.14,0.00,0,316,4,2.00
1138,9,9.66,0.00,1,316,4,2.00
1139,8,10.11,0.00,0,317,3,2.00
1140,6,10.55,0.00,0,317,3,2.00
1141,5,10.66,0.00,0,317,3,2.00
1142,5,10.76,0.00,0,317,3,2.00
1143,5,10.72,0.00,0,317,3,2.00
1144,5,9.82,0.00,0,317,3,2.00
1145,4,7.88,0.00,1,317,3,2.00
1146,5,6.36,0.00,1,317,3,2.00
1147,5,6.86,0.00,0,318,3,2.00
1148,5,7.55,0.00,0,318,3,2.00
1149,6,6.71,0.00,0,318,3,2.00
1150,5,6.68,0.00,0,318,3,2.00
1151,7,5.37,0.00,1,318,4,2.00
1152,7,6.16,0.00,0,319,4,2.00
1153,7,7.23,0.00,0,319,4,2.00
1154,8,7.49,0.00,1,319,4,2.00
1155,8,8.74,0.00,1,319,4,2.00
1156,8,9.86,0.00,0,320,4,2.00
1157,9,9.49,0.00,0,320,4,2.00
1158,9,10.08,0.00,0,320,4,2.00
1159,8,10.67,0.00,1,320,4,2.00
1160,8,11.04,0.00,0,321,4,2.00
1161,9,9.89,0.00,0,321,4,2.00
1162,9,9.69,0.00,0,321,4,2.00
1163,10,8.34,0.00,0,321,4,2.00
1164,10,8.29,0.00,1,321,4,2.00
1165,9,8.10,0.00,1,321,4,2.00
1166,9,7.78,0.00,0,322,4,2.00
1167,9,8.34,0.00,1,322,4,2.00
1168,9,8.81,0.00,0,323,4,2.00
1169,8,8.71,0.00,0,323,4,2.00
1170,9,7.74,0.00,0,323,4,2.00
1171,8,7.38,0.00,0,323,4,2.25
1172,8,7.60,0.00,1,323,4,2.25
1173,9,6.76,0.00,0,324,4,2.25
1174,9,7.06,0.00,0,324,4,2.25
1175,9,6.97,0.00,0,324,4,2.25
1176,10,6.62,0.00,1,324,4,2.25
1177,9,6.63,0.00,0,325,4,2.25
1178,9,5.47,0.00,0,325,4,2.25
1179,10,5.42,0.00,0,325,5,2.20
1180,10,6.17,0.00,0,325,5,2.20
1181,10,6.70,0.00,0,325,5,2.20
1182,11,6.55,0.00,1,325,5,2.20
1183,11,7.15,0.00,0,326,5,2.20
1184,11,7.84,0.00,1,326,5,2.20
1185,10,8.48,0.00,1,326,5,2.40
1186,10,9.30,0.00,0,327,4,2.00
1187,10,10.08,0.00,1,327,4,2.00
1188,11,9.31,0.00,0,328,4,2.00
1189,11,9.31,0.00,1,328,4,2.00
1190,10,9.11,0.00,0,329,4,2.00
1191,11,8.15,0.00,1,329,4,2.00
1192,10,7.76,0.00,0,330,3,2.00
1193,10,8.16,0.00,1,330,4,2.00
1194,10,8.25,0.00,1,331,5,2.00
1195,11,7.77,0.00,1,331,6,2.00
1196,11,8.11,0.00,0,332,6,2.17
1197,11,7.47,0.00,0,332,6,2.33
1198,11,7.88,0.00,0,332,6,2.33
1199,10,7.96,0.00,0,332,6,2.33
1200,10,7.10,0.00,0,332,6,2.33
1201,10,7.44,0.00,0,332,6,2.33
1202,11,7.11,0.00,1,332,6,2.50
1203,11,7.62,0.00,0,333,6,2.50
1204,11,8.28,0.00,0,333,6,2.50
1205,11,7.75,0.00,0,333,6,2.33
1206,10,7.96,0.00,1,333,5,2.40
1207,10,8.34,0.00,0,334,4,2.00
1208,10,6.97,0.00,1,334,4,2.00
1209,10,7.72,0.00,1,334,4,2.00
1210,10,8.41,0.00,0,335,4,2.00
1211,11,7.92,0.00,0,335,5,2.00
1212,12,7.27,0.00,1,335,5,2.00
1213,12,7.03,0.00,2,335,5,2.00
1214,12,7.14,0.00,1,336,5,2.00
1215,11,7.08,0.00,1,336,5,2.00
1216,11,7.23,0.00,1,336,5,2.00
1217,12,6.62,0.00,1,336,5,2.00
1218,12,6.45,0.00,1,336,5,2.00
1219,12,5.62,0.00,1,336,5,2.00
1220,11,5.30,0.00,1,336,5,2.00
1221,11,5.70,0.00,1,336,5,2.00
1222,11,6.03,0.00,2,336,5,2.00
1223,11,6.07,0.00,1,337,5,2.00
1224,12,5.01,0.00,2,337,5,2.00
1225,11,4.11,0.00,1,338,5,2.00
1226,11,4.41,0.00,1,338,5,2.00
1227,11,4.86,0.00,1,338,5,2.00
1228,11,5.23,0.00,1,338,6,2.00
1229,11,5.05,0.00,1,338,6,2.00
1230,11,4.64,0.00,1,338,6,2.00
1231,12,3.88,0.00,1,338,6,2.00
1232,12,3.72,0.00,2,338,6,2.00
1233,14,3.36,0.00,2,338,7,2.00
1234,14,3.76,0.00,1,339,7,2.00
1235,13,3.99,0.00,1,339,7,2.00
1236,13,3.55,0.00,1,339,7,2.14
1237,13,3.87,0.00,2,339,7,2.14
1238,13,4.57,0.00,2,339,7,2.14
1239,14,4.68,0.00,1,340,7,2.29
1240,14,5.57,0.00,1,340,6,2.50
1241,15,6.10,0.00,1,341,6,3.00
1242,15,6.52,0.00,1,341,6,3.00
1243,15,6.88,0.00,0,342,5,2.20
1244,16,6.64,0.00,1,342,6,2.67
1245,15,6.44,0.00,1,342,6,2.83
1246,15,6.26,0.00,1,343,6,2.83
1247,16,5.92,0.00,1,343,6,2.83
1248,17,5.85,0.00,1,343,6,3.00
1249,16,5.97,0.00,1,344,5,2.20
1250,17,6.17,0.00,0,345,7,2.29
1251,18,6.21,0.00,1,345,8,2.38
1252,18,6.70,0.00,1,345,7,2.57
1253,18,6.42,0.00,0,346,6,2.17
1254,17,6.56,0.00,1,346,8,2.25
1255,17,6.98,0.00,0,347,7,2.57
1256,18,6.93,0.00,1,347,6,3.00
1257,17,7.07,0.00,1,347,6,3.17
1258,17,7.44,0.00,1,348,5,2.60
1259,18,7.34,0.00,1,348,6,2.50
1260,18,7.41,0.00,0,349,7,2.43
1261,16,6.98,0.00,1,349,7,2.43
1262,16,6.91,0.00,0,350,7,2.43
1263,15,6.12,0.00,0,350,8,2.38
1264,16,5.36,0.00,1,350,7,2.57
1265,16,5.31,0.00,0,351,6,2.50
1266,16,5.77,0.00,1,351,6,2.50
1267,15,5.90,0.00,0,352,6,2.50
1268,16,5.78,0.00,0,352,6,2.50
1269,16,6.09,0.00,1,352,6,2.50
1270,15,6.07,0.00,2,352,5,2.60
1271,15,6.49,0.00,2,353,5,2.60
1272,14,6.75,0.00,2,353,5,2.60
1273,13,7.14,0.00,2,354,4,2.25
1274,14,7.36,0.00,0,356,4,2.25
1275,14,6.65,0.00,0,356,5,2.40
1276,14,6.41,0.00,0,356,5,2.40
1277,14,5.45,0.00,1,356,5,2.40
1278,14,5.84,0.00,1,356,5,2.40
1279,14,6.22,0.00,1,357,5,2.40
1280,15,6.35,0.00,1,357,5,2.40
1281,15,7.19,0.00,0,358,4,2.50
1282,15,6.94,0.00,1,358,5,2.60
1283,15,7.29,0.00,0,359,5,2.60
1284,15,6.86,0.00,0,359,5,2.60
1285,15,6.64,0.00,1,359,5,2.80
1286,16,6.20,0.00,1,359,6,2.67
1287,16,6.89,0.00,0,360,5,2.20
1288,17,7.61,0.00,2,360,6,2.33
1289,17,8.13,0.00,0,362,6,2.50
1290,17,8.99,0.00,0,362,6,2.50
1291,17,9.23,0.00,0,362,6,2.50
1292,17,8.18,0.00,0,362,6,2.67
1293,17,8.52,0.00,1,362,5,3.20
1294,18,7.94,0.00,0,363,4,3.25
1295,17,7.64,0.00,1,363,4,3.25
1296,18,7.18,0.00,1,363,5,3.00
1297,17,6.65,0.00,0,364,5,3.00
1298,17,6.51,0.00,1,364,6,2.83
1299,17,6.02,0.00,2,364,6,2.83
1300,16,5.30,0.00,2,364,6,2.83
1301,16,4.43,0.00,1,365,6,2.83
1302,16,4.44,0.00,1,365,6,2.83
1303,16,4.47,0.00,1,365,6,2.83
1304,15,4.27,0.00,1,366,6,2.83
1305,16,4.63,0.00,1,366,6,2.83
1306,16,5.39,0.00,0,367,5,3.20
1307,15,5.46,0.00,1,367,5,3.20
1308,15,5.46,0.00,2,367,5,3.20
1309,15,5.62,0.00,2,368,5,3.20
1310,15,5.96,0.00,0,370,3,2.00
1311,15,6.59,0.00,2,370,5,2.40
1312,14,7.11,0.00,1,371,4,3.00
1313,14,7.77,0.00,1,372,5,2.80
1314,14,7.67,0.00,0,373,4,2.00
1315,15,8.21,0.00,1,373,5,2.20
1316,15,9.03,0.00,1,373,5,2.40
1317,16,9.02,0.00,1,374,5,2.40
1318,15,9.32,0.00,1,374,5,2.40
1319,15,9.16,0.00,2,375,5,2.00
1320,15,9.78,0.00,1,376,6,2.00
1321,13,9.94,0.00,1,377,6,2.17
1322,12,10.51,0.00,1,377,5,2.20
1323,13,10.10,0.00,1,378,5,2.40
1324,13,10.82,0.00,1,378,5,2.40
1325,12,10.20,0.00,0,379,5,2.40
1326,11,10.51,0.00,0,379,5,2.20
1327,11,10.93,0.00,0,379,5,2.20
1328,12,10.06,0.00,1,379,5,2.20
1329,11,9.94,0.00,0,380,5,2.00
1330,11,10.17,0.00,0,380,5,2.00
1331,9,9.63,0.00,0,380,4,2.00
1332,9,9.30,0.00,1,380,4,2.00
1333,8,8.85,0.00,1,381,4,2.00
1334,9,8.11,0.00,0,382,3,2.00
1335,8,8.38,0.00,0,382,3,2.00
1336,8,8.73,0.00,1,382,3,2.00
1337,8,8.94,0.00,0,383,3,2.00
1338,8,9.01,0.00,1,383,4,2.00
1339,8,9.40,0.00,1,383,4,2.00
1340,8,9.46,0.00,1,384,4,2.00
1341,7,9.73,0.00,1,384,4,2.00
1342,7,10.51,0.00,0,385,4,2.00
1343,8,8.95,0.00,0,385,4,2.25
1344,8,9.44,0.00,0,385,4,2.50
1345,7,8.91,0.00,0,385,4,2.25
1346,6,8.49,0.00,0,385,4,2.25
1347,5,8.54,0.00,1,385,4,2.00
1348,6,8.06,0.00,1,386,4,2.00
1349,7,7.98,0.00,1,386,4,2.00
1350,7,7.33,0.00,0,387,4,2.00
1351,8,7.41,0.00,0,387,4,2.00
1352,8,8.98,0.00,0,387,4,2.00
1353,7,10.18,0.00,0,387,4,2.00
1354,7,11.46,0.00,0,387,4,2.00
1355,8,10.70,0.00,0,387,4,2.25
1356,8,11.46,0.00,0,387,4,2.25
1357,8,11.79,0.00,1,387,4,2.25
1358,7,11.86,0.00,0,388,4,2.25
1359,8,10.69,0.00,0,388,4,2.50
1360,7,10.83,0.00,1,388,4,2.50
1361,8,9.40,0.00,0,389,3,2.00
1362,8,9.97,0.00,1,389,4,2.00
1363,8,10.35,0.00,0,390,4,2.00
1364,8,10.46,0.00,1,390,4,2.00
1365,8,10.21,0.00,0,391,4,2.00
1366,8,10.92,0.00,1,391,4,2.00
1367,9,9.77,0.00,1,392,4,2.00
1368,10,9.43,0.00,1,392,4,2.00
1369,10,9.98,0.00,0,393,4,2.00
1370,8,10.26,0.00,0,393,4,2.00
1371,8,11.15,0.00,0,393,4,2.00
1372,8,11.85,0.00,0,393,4,2.00
1373,8,10.42,0.00,1,393,4,2.00
1374,8,10.72,0.00,1,393,4,2.00
1375,7,10.31,0.00,1,394,4,2.00
1376,8,9.33,0.00,0,395,4,2.00
1377,9,9.13,0.00,0,395,4,2.00
1378,10,8.67,0.00,0,395,5,2.00
1379,8,7.92,0.00,0,395,5,2.00
1380,8,8.29,0.00,0,395,5,2.00
1381,8,9.08,0.00,0,395,5,2.00
1382,8,9.20,0.00,0,395,5,2.00
1383,9,7.94,0.00,1,395,5,2.00
1384,9,8.50,0.00,1,395,5,2.00
1385,10,7.99,0.00,0,396,6,2.00
1386,10,8.50,0.00,0,396,6,2.00
1387,8,8.09,0.00,0,396,6,2.00
1388,9,6.88,0.00,0,396,6,2.17
1389,9,6.77,0.00,1,396,6,2.17
1390,9,6.80,0.00,0,397,5,2.20
1391,10,6.31,0.00,0,397,4,2.75
1392,10,6.81,0.00,0,397,4,3.00
1393,10,6.90,0.00,0,397,4,3.00
1394,10,6.65,0.00,1,397,4,3.00
1395,10,6.70,0.00,1,398,4,3.00
1396,11,6.55,0.00,1,398,4,3.00
1397,11,7.31,0.00,0,399,4,2.00
1398,11,6.85,0.00,1,399,5,2.20
1399,11,7.34,0.00,0,400,5,2.40
1400,10,7.63,0.00,1,400,5,2.40
1401,10,8.36,0.00,0,401,4,2.00
1402,10,9.00,0.00,1,401,5,2.00
1403,10,9.44,0.00,1,401,5,2.00
1404,10,9.81,0.00,1,402,5,2.00
1405,11,9.17,0.00,0,403,4,2.00
1406,12,8.56,0.00,1,403,4,2.00
1407,12,8.95,0.00,1,404,4,2.00
1408,12,8.67,0.00,1,404,3,2.00
1409,12,8.63,0.00,0,405,4,2.00
1410,11,8.98,0.00,1,405,4,2.00
1411,11,9.46,0.00,1,406,4,2.00
1412,10,9.90,0.00,0,407,4,2.00
1413,10,10.90,0.00,0,407,4,2.00
1414,11,10.44,0.00,0,407,4,2.00
1415,12,9.95,0.00,0,407,4,2.00
1416,11,10.38,0.00,0,407,4,2.00
1417,10,10.74,0.00,0,407,4,2.00
1418,11,9.50,0.00,1,407,4,2.00
1419,11,8.93,0.00,2,407,3,2.00
1420,11,9.39,0.00,1,408,3,2.00
1421,9,9.15,0.00,1,409,3,2.00
1422,8,9.73,0.00,0,410,3,2.00
1423,8,10.41,0.00,0,410,3,2.00
1424,9,10.16,0.00,1,410,3,2.00
1425,9,10.71,0.00,0,411,3,2.00
1426,9,10.58,0.00,0,411,3,2.00
1427,9,10.35,0.00,0,411,3,2.00
1428,9,10.44,0.00,0,411,3,2.00
1429,10,9.63,0.00,1,411,3,2.00
1430,10,9.67,0.00,0,412,3,2.00
1431,9,8.99,0.00,0,412,3,2.00
1432,8,8.23,0.00,1,412,3,2.00
1433,8,6.99,0.00,1,413,3,2.00
1434,8,7.93,0.00,0,414,3,2.00
1435,8,8.93,0.00,0,414,3,2.00
1436,8,9.66,0.00,0,414,3,2.00
1437,7,9.31,0.00,1,414,3,2.00
1438,7,9.99,0.00,1,414,3,2.00
1439,7,10.19,0.00,0,415,3,2.00
1440,7,10.54,0.00,0,415,3,2.00
1441,8,8.87,0.00,0,415,3,2.00
1442,7,8.72,0.00,1,415,3,2.00
1443,7,7.25,0.00,1,416,3,2.00
1444,7,8.21,0.00,1,416,3,2.00
1445,8,8.18,0.00,0,417,5,2.00
1446,7,9.35,0.00,1,417,5,2.00
1447,7,10.83,0.00,0,418,5,2.00
1448,8,10.45,0.00,0,418,5,2.00
1449,8,11.31,0.00,0,418,5,2.00
1450,7,11.87,0.00,0,418,5,2.00
1451,8,10.70,0.00,0,418,5,2.00
1452,8,11.22,0.00,0,418,5,2.00
1453,8,9.42,0.00,0,418,5,2.00
1454,8,9.23,0.00,0,418,5,2.00
1455,8,7.78,0.00,1,418,5,2.00
1456,7,7.99,0.00,0,419,4,2.00
1457,7,8.77,0.00,0,419,4,2.00
1458,7,9.48,0.00,0,419,4,2.00
1459,8,8.84,0.00,0,419,5,2.00
1460,8,8.97,0.00,1,419,5,2.00
1461,8,9.40,0.00,1,419,5,2.20
1462,9,7.95,0.00,1,420,5,2.20
1463,9,9.01,0.00,2,420,5,2.20
1464,10,8.85,0.00,0,422,6,2.17
1465,9,8.37,0.00,0,422,6,2.17
1466,9,8.59,0.00,0,422,6,2.17
1467,10,7.13,0.00,0,422,6,2.17
1468,10,7.08,0.00,0,422,6,2.17
1469,11,6.83,0.00,1,422,7,2.14
1470,11,7.09,0.00,0,423,6,2.00
1471,11,7.76,0.00,0,423,6,2.00
1472,11,8.19,0.00,0,423,6,2.00
1473,11,8.12,0.00,0,423,6,2.00
1474,12,7.68,0.00,1,423,6,2.00
1475,11,7.86,0.00,0,424,5,2.00
1476,9,7.54,0.00,0,424,5,2.00
1477,9,7.98,0.00,1,424,5,2.00
1478,10,7.23,0.00,0,425,6,2.00
1479,10,7.46,0.00,0,425,6,2.00
1480,9,6.90,0.00,0,425,6,2.00
1481,10,5.95,0.00,1,425,6,2.17
1482,10,6.17,0.00,1,425,6,2.17
1483,10,6.71,0.00,1,426,6,2.17
1484,10,6.87,0.00,1,426,6,2.33
1485,11,6.43,0.00,0,427,6,2.50
1486,11,6.71,0.00,0,427,6,2.50
1487,10,6.35,0.00,0,427,6,2.50
1488,10,6.57,0.00,0,427,6,2.50
1489,10,6.76,0.00,0,427,6,2.50
1490,10,6.56,0.00,0,427,6,2.50
1491,9,5.61,0.00,0,427,6,2.50
1492,9,4.89,0.00,0,427,6,2.50
1493,10,3.95,0.00,0,427,6,2.50
1494,11,3.16,0.00,0,427,6,2.50
1495,10,2.69,0.00,1,427,5,2.60
1496,10,2.16,0.00,1,427,5,2.60
1497,10,3.23,0.00,0,428,4,2.75
1498,10,4.29,0.00,1,428,4,2.75
1499,10,5.12,0.00,0,429,5,2.60
1500,11,5.29,0.00,0,429,5,2.60
1501,12,5.32,0.00,0,429,5,2.60
1502,12,5.73,0.00,0,429,5,2.60
1503,12,6.15,0.00,0,429,5,2.80
1504,12,6.57,0.00,0,429,5,2.80
1505,12,6.94,0.00,0,429,5,2.80
1506,12,6.67,0.00,1,429,5,2.80
1507,12,5.17,0.00,1,430,4,3.00
1508,12,5.19,0.00,0,431,4,3.00
1509,13,4.98,0.00,0,431,4,3.00
1510,12,4.79,0.00,0,431,4,3.00
1511,13,4.80,0.00,0,431,5,2.80
1512,13,5.17,0.00,0,431,5,2.80
1513,13,5.21,0.00,1,431,5,2.80
1514,13,5.24,0.00,1,431,5,2.80
1515,13,4.97,0.00,2,431,5,2.80
1516,12,4.67,0.00,1,432,5,2.80
1517,12,5.22,0.00,1,432,5,2.80
1518,12,5.52,0.00,0,433,6,2.67
1519,12,5.58,0.00,0,433,6,2.67
1520,12,4.49,0.00,1,433,6,2.67
1521,12,4.17,0.00,1,433,6,2.67
1522,13,3.57,0.00,2,433,7,2.57
1523,13,3.88,0.00,2,433,7,2.57
1524,13,4.14,0.00,1,434,6,2.67
1525,13,4.24,0.00,2,434,6,2.67
1526,13,4.61,0.00,2,434,6,2.67
1527,12,4.46,0.00,1,435,5,2.80
1528,13,4.55,0.00,1,435,5,3.00
1529,13,4.31,0.00,1,436,6,2.83
1530,13,5.28,0.00,1,436,6,2.83
1531,14,5.90,0.00,1,436,6,2.83
1532,14,7.03,0.00,1,437,5,2.20
1533,15,7.57,0.00,1,437,7,2.43
1534,15,8.03,0.00,1,438,7,2.43
1535,15,7.69,0.00,1,438,7,2.43
1536,15,7.97,0.00,0,439,6,2.17
1537,15,8.22,0.00,1,439,7,2.14
1538,14,8.59,0.00,0,440,6,2.17
1539,15,8.36,0.00,1,440,5,2.40
1540,15,7.56,0.00,0,441,4,2.25
1541,15,7.99,0.00,1,441,4,2.25
1542,16,8.09,0.00,0,442,4,2.25
1543,15,7.99,0.00,0,442,4,2.25
1544,14,7.98,0.00,1,442,4,2.25
1545,15,8.05,0.00,1,443,5,2.20
1546,15,8.77,0.00,0,444,5,2.20
1547,14,8.92,0.00,0,444,5,2.40
1548,14,7.84,0.00,1,444,5,2.40
1549,15,7.40,0.00,1,444,5,2.40
1550,14,7.15,0.00,0,445,5,2.40
1551,14,7.26,0.00,1,445,5,2.40
1552,14,7.36,0.00,0,446,5,2.40
1553,14,7.08,0.00,1,446,5,2.40
1554,15,7.17,0.00,1,446,5,2.40
1555,15,7.69,0.00,1,447,4,2.00
1556,14,7.61,0.00,1,447,5,2.20
1557,14,7.74,0.00,0,448,4,2.25
1558,14,7.34,0.00,1,448,4,2.25
1559,14,7.99,0.00,0,449,4,2.25
1560,14,7.98,0.00,0,449,5,2.20
1561,13,6.41,0.00,1,449,5,2.20
1562,13,6.44,0.00,0,450,5,2.20
1563,13,6.69,0.00,0,450,5,2.20
1564,13,7.08,0.00,0,450,5,2.20
1565,13,7.42,0.00,0,450,5,2.40
1566,14,6.88,0.00,1,450,5,2.40
1567,13,6.41,0.00,1,451,5,2.40
1568,11,5.44,0.00,1,451,5,2.40
1569,11,5.49,0.00,1,452,5,2.40
1570,11,5.99,0.00,1,452,5,2.40
1571,11,6.69,0.00,0,453,4,2.00
1572,10,6.99,0.00,1,453,5,2.00
1573,10,7.63,0.00,0,454,6,2.00
1574,10,7.95,0.00,1,454,6,2.00
1575,11,7.10,0.00,1,455,5,2.20
1576,11,7.53,0.00,2,455,5,2.20
1577,12,7.50,0.00,1,457,6,2.33
1578,12,7.35,0.00,1,457,6,2.33
1579,12,8.53,0.00,0,458,5,2.40
1580,12,8.41,0.00,1,458,6,2.33
1581,12,8.58,0.00,2,458,6,2.33
1582,12,9.19,0.00,0,460,6,2.33
1583,12,10.08,0.00,0,460,6,2.33
1584,12,9.85,0.00,0,460,6,2.17
1585,12,10.44,0.00,0,460,6,2.17
1586,11,10.91,0.00,0,460,6,2.00
1587,11,10.31,0.00,0,460,6,2.00
1588,11,10.50,0.00,0,460,6,2.00
1589,9,9.75,0.00,1,460,6,2.00
1590,9,9.74,0.00,1,460,7,2.00
1591,8,9.95,0.00,1,461,6,2.00
1592,9,8.53,0.00,2,461,6,2.00
1593,8,8.70,0.00,0,463,5,2.00
1594,10,7.37,0.00,0,463,6,2.00
1595,9,8.35,0.00,1,463,6,2.00
1596,10,8.45,0.00,0,464,6,2.00
1597,10,9.67,0.00,0,464,6,2.00
1598,10,10.38,0.00,0,464,6,2.00
1599,11,10.06,0.00,1,464,6,2.00
1600,11,10.64,0.00,0,465,5,2.00
1601,11,11.04,0.00,1,465,5,2.00
1602,10,11.26,0.00,0,466,4,2.00
1603,10,10.45,0.00,0,466,4,2.00
1604,11,9.77,0.00,0,466,4,2.00
1605,10,9.93,0.00,1,466,4,2.00
1606,9,9.13,0.00,1,466,4,2.00
1607,10,8.31,0.00,2,466,5,2.00
1608,11,7.71,0.00,1,467,6,2.00
1609,11,7.85,0.00,1,467,6,2.00
1610,13,6.98,0.00,1,467,6,2.17
1611,13,7.44,0.00,1,467,5,2.40
1612,12,6.50,0.00,2,467,6,2.33
1613,13,6.72,0.00,1,468,6,2.33
1614,13,7.53,0.00,1,468,6,2.67
1615,13,8.21,0.00,1,468,6,2.67
1616,13,8.71,0.00,1,469,5,2.40
1617,13,8.99,0.00,0,470,6,2.33
1618,13,8.48,0.00,1,470,6,2.33
1619,13,8.70,0.00,1,470,6,2.33
1620,13,8.74,0.00,1,471,6,2.33
1621,13,8.66,0.00,0,472,6,2.33
1622,14,7.60,0.00,0,472,6,2.33
1623,14,7.50,0.00,1,472,6,2.33
1624,13,7.40,0.00,1,472,6,2.33
1625,13,7.46,0.00,0,473,5,2.40
1626,12,7.05,0.00,1,473,5,2.40
1627,12,7.56,0.00,2,474,5,2.40
1628,11,7.88,0.00,1,475,5,2.40
1629,11,8.87,0.00,0,476,5,2.00
1630,11,9.50,0.00,1,476,6,2.00
1631,10,8.81,0.00,1,477,5,2.20
1632,11,8.71,0.00,1,478,5,2.20
1633,11,9.58,0.00,1,478,5,2.20
1634,12,9.63,0.00,1,479,6,2.17
1635,11,10.03,0.00,1,479,6,2.00
1636,11,11.18,0.00,0,480,6,2.00
1637,10,11.47,0.00,1,480,5,2.00
1638,10,11.96,0.00,0,481,5,2.00
1639,9,12.35,0.00,0,481,5,2.00
1640,8,12.50,0.00,0,481,5,2.00
1641,8,10.76,0.00,0,481,5,2.00
1642,7,10.79,0.00,0,481,5,2.00
1643,7,10.62,0.00,0,481,5,2.00
1644,7,8.21,0.00,0,481,4,2.00
1645,8,7.51,0.00,2,481,4,2.00
1646,9,7.51,0.00,0,483,3,2.00
1647,8,8.21,0.00,0,483,3,2.00
1648,8,9.21,0.00,0,483,3,2.00
1649,8,10.46,0.00,1,483,3,2.00
1650,9,10.13,0.00,0,484,3,2.00
1651,8,11.02,0.00,0,484,3,2.00
1652,8,11.34,0.00,0,484,3,2.00
1653,8,11.65,0.00,0,484,3,2.00
1654,8,11.96,0.00,1,484,3,2.00
1655,9,10.91,0.00,0,485,3,2.00
1656,7,10.58,0.00,0,485,3,2.00
1657,7,9.85,0.00,1,485,3,2.00
1658,8,8.83,0.00,1,486,4,2.00
1659,8,9.39,0.00,0,487,4,2.00
1660,9,9.22,0.00,1,487,4,2.25
1661,8,9.63,0.00,0,488,4,2.25
1662,8,10.57,0.00,0,488,4,2.25
1663,8,11.27,0.00,1,488,4,2.25
1664,8,11.59,0.00,0,489,4,2.25
1665,8,10.33,0.00,0,489,4,2.25
1666,9,9.71,0.00,0,489,4,2.25
1667,9,10.11,0.00,0,489,4,2.25
1668,9,8.62,0.00,1,489,5,2.20
1669,9,9.23,0.00,1,489,5,2.20
1670,9,10.02,0.00,0,490,4,2.00
1671,8,10.58,0.00,0,490,5,2.00
1672,7,11.10,0.00,1,490,5,2.00
1673,7,11.56,0.00,1,491,5,2.00
1674,6,11.36,0.00,1,491,5,2.00
1675,6,11.79,0.00,0,492,5,2.00
1676,6,11.96,0.00,0,492,5,2.00
1677,6,11.79,0.00,0,492,5,2.00
1678,7,9.99,0.00,1,492,5,2.00
1679,7,10.10,0.00,0,493,5,2.00
1680,8,8.40,0.00,0,493,5,2.00
1681,8,7.20,0.00,1,493,5,2.00
1682,8,8.24,0.00,0,494,4,2.00
1683,8,9.72,0.00,1,494,4,2.00
1684,7,10.77,0.00,0,495,3,2.00
1685,8,10.46,0.00,0,495,3,2.00
1686,8,9.22,0.00,0,495,3,2.00
1687,8,9.85,0.00,0,495,3,2.00
1688,9,9.31,0.00,0,495,4,2.00
1689,8,9.87,0.00,0,495,4,2.00
1690,9,9.38,0.00,0,495,5,2.00
1691,9,9.97,0.00,0,495,5,2.00
1692,10,9.29,0.00,1,495,5,2.20
1693,9,9.00,0.00,0,496,5,2.20
1694,8,9.88,0.00,1,496,5,2.20
1695,8,10.39,0.00,0,497,5,2.20
1696,9,9.37,0.00,1,497,5,2.20
1697,9,9.59,0.00,0,498,5,2.20
1698,9,9.36,0.00,0,498,5,2.20
1699,9,9.17,0.00,1,498,5,2.20
1700,9,9.56,0.00,1,498,5,2.20
1701,9,9.55,0.00,0,499,4,2.25
1702,10,8.47,0.00,0,499,4,2.25
1703,10,8.51,0.00,1,499,4,2.25
1704,9,7.92,0.00,0,500,4,2.25
1705,9,7.69,0.00,0,500,4,2.25
1706,9,6.53,0.00,0,500,5,2.20
1707,9,6.88,0.00,0,500,5,2.20
1708,10,5.93,0.00,0,500,5,2.20
1709,9,5.83,0.00,1,500,4,2.25
1710,9,6.83,0.00,1,501,4,2.50
1711,8,7.66,0.00,1,501,4,2.50
1712,8,9.36,0.00,0,502,3,2.00
1713,9,9.19,0.00,1,502,4,2.00
1714,8,9.84,0.00,0,503,5,2.00
1715,9,9.60,0.00,1,503,5,2.00
1716,9,10.18,0.00,1,503,5,2.00
1717,9,10.72,0.00,1,504,5,2.00
1718,9,10.47,0.00,0,505,4,2.25
1719,9,10.96,0.00,1,505,4,2.25
1720,9,9.77,0.00,1,506,4,2.25
1721,9,10.39,0.00,0,507,4,2.25
1722,8,10.46,0.00,0,507,4,2.00
1723,9,9.86,0.00,0,507,4,2.00
1724,9,10.41,0.00,0,507,4,2.00
1725,10,9.87,0.00,0,507,6,2.00
1726,9,10.16,0.00,0,507,5,2.00
1727,9,10.64,0.00,0,507,5,2.00
1728,9,10.79,0.00,0,507,5,2.00
1729,8,10.52,0.00,1,507,4,2.00
1730,5,9.93,0.00,2,507,4,2.00
1731,6,8.13,0.00,0,509,4,2.00
1732,7,7.66,0.00,1,509,4,2.00
1733,7,8.82,0.00,1,509,4,2.00
1734,8,7.99,0.00,0,510,6,2.00
1735,8,8.33,0.00,0,510,6,2.00
1736,8,9.08,0.00,1,510,6,2.00
1737,9,8.61,0.00,0,511,5,2.00
1738,9,9.59,0.00,0,511,5,2.00
1739,9,9.80,0.00,0,511,5,2.00
1740,9,10.50,0.00,1,511,5,2.00
1741,9,10.78,0.00,1,511,5,2.00
1742,9,10.78,0.00,0,512,5,2.00
1743,9,10.82,0.00,0,512,5,2.00
1744,8,10.41,0.00,0,512,5,2.00
1745,8,8.34,0.00,1,512,4,2.00
1746,7,8.07,0.00,1,512,4,2.00
1747,6,7.71,0.00,1,513,4,2.00
1748,6,7.89,0.00,2,513,4,2.00
1749,6,8.51,0.00,1,514,4,2.00
1750,6,9.68,0.00,1,514,4,2.00
1751,6,9.58,0.00,1,514,4,2.00
1752,7,8.45,0.00,1,515,4,2.00
1753,6,8.86,0.00,0,516,4,2.00
1754,7,8.66,0.00,0,516,4,2.00
1755,7,9.78,0.00,0,516,4,2.00
1756,8,9.19,0.00,0,516,4,2.00
1757,9,8.40,0.00,0,516,4,2.00
1758,9,8.73,0.00,0,516,4,2.00
1759,8,9.78,0.00,1,516,4,2.00
1760,7,10.80,0.00,0,517,4,2.00
1761,7,11.87,0.00,0,517,4,2.00
1762,7,10.19,0.00,0,517,4,2.00
1763,7,10.54,0.00,0,517,4,2.00
1764,8,9.54,0.00,0,517,4,2.00
1765,9,8.62,0.00,0,517,5,2.00
1766,8,8.83,0.00,1,517,5,2.00
1767,9,7.95,0.00,1,517,5,2.00
1768,10,7.55,0.00,0,518,5,2.00
1769,11,7.31,0.00,1,518,5,2.00
1770,11,6.57,0.00,2,518,6,2.00
1771,11,7.37,0.00,1,519,6,2.00
1772,11,8.50,0.00,1,519,6,2.00
1773,11,9.41,0.00,1,519,6,2.00
1774,11,9.96,0.00,0,520,6,2.00
1775,12,9.38,0.00,0,520,7,2.00
1776,12,9.42,0.00,1,520,7,2.00
1777,13,8.54,0.00,1,520,8,2.12
1778,13,8.30,0.00,0,521,8,2.12
1779,13,7.99,0.00,1,521,8,2.12
1780,13,6.80,0.00,1,521,7,2.29
1781,13,6.36,0.00,1,521,7,2.29
1782,12,5.72,0.00,2,521,7,2.29
1783,13,5.39,0.00,1,522,7,2.43
1784,12,5.32,0.00,2,522,6,2.83
1785,12,6.26,0.00,2,523,7,2.71
1786,13,6.45,0.00,2,523,7,2.71
1787,14,6.69,0.00,1,524,6,3.00
1788,15,7.12,0.00,2,525,7,2.86
1789,15,7.82,0.00,0,527,6,2.17
1790,14,8.95,0.00,1,527,7,2.43
1791,14,9.64,0.00,0,528,8,2.38
1792,14,10.38,0.00,1,528,8,2.38
1793,15,10.14,0.00,0,529,7,2.29
1794,14,10.53,0.00,1,529,8,2.12
1795,14,10.90,0.00,0,530,9,2.22
1796,13,11.13,0.00,1,530,8,2.25
1797,12,11.13,0.00,0,531,7,2.14
1798,11,10.76,0.00,1,531,7,2.14
1799,11,10.56,0.00,0,532,7,2.14
1800,10,9.93,0.00,1,532,7,2.14
1801,10,8.32,0.00,1,532,6,2.17
1802,10,8.53,0.00,1,533,5,2.00
1803,10,7.99,0.00,1,533,5,2.00
1804,10,8.55,0.00,0,534,6,2.00
1805,10,8.17,0.00,0,534,6,2.00
1806,9,8.49,0.00,0,534,6,2.00
1807,10,8.18,0.00,1,534,6,2.00
1808,11,7.92,0.00,0,535,6,2.17
1809,11,7.84,0.00,1,535,6,2.17
1810,10,8.64,0.00,1,535,6,2.17
1811,10,9.88,0.00,0,536,6,2.17
1812,11,9.54,0.00,0,536,7,2.14
1813,12,9.02,0.00,0,536,7,2.14
1814,12,8.71,0.00,1,536,6,2.17
1815,12,9.62,0.00,0,537,6,2.17
1816,11,10.19,0.00,0,537,6,2.17
1817,11,10.74,0.00,1,537,6,2.17
1818,11,10.93,0.00,1,537,6,2.17
1819,12,10.01,0.00,1,537,6,2.17
1820,12,9.21,0.00,1,538,5,2.00
1821,11,9.19,0.00,0,539,5,2.00
1822,11,9.02,0.00,2,539,5,2.00
1823,12,7.93,0.00,1,540,5,2.00
1824,13,7.83,0.00,2,540,6,2.00
1825,13,8.48,0.00,2,540,6,2.00
1826,12,9.04,0.00,0,542,5,2.00
1827,13,8.42,0.00,1,542,6,2.00
1828,13,9.14,0.00,1,542,6,2.00
1829,13,9.33,0.00,0,543,7,2.00
1830,14,8.68,0.00,0,543,7,2.14
1831,13,8.77,0.00,0,543,7,2.14
1832,12,9.00,0.00,0,543,7,2.14
1833,12,9.22,0.00,1,543,7,2.29
1834,12,8.81,0.00,1,544,7,2.29
1835,11,8.38,0.00,1,544,6,2.33
1836,11,8.20,0.00,0,545,5,2.40
1837,11,7.14,0.00,1,545,5,2.40
1838,11,6.04,0.00,0,546,5,2.40
1839,12,5.58,0.00,0,546,5,2.40
1840,13,5.45,0.00,0,546,5,2.40
1841,12,5.49,0.00,0,546,5,2.40
1842,13,5.67,0.00,1,546,5,2.40
1843,14,6.11,0.00,2,546,6,2.33
1844,14,7.37,0.00,1,547,6,2.33
1845,13,8.40,0.00,0,548,5,2.00
1846,14,9.03,0.00,1,548,6,2.17
1847,14,9.93,0.00,0,549,7,2.14
1848,14,10.34,0.00,0,549,6,2.50
1849,12,9.62,0.00,0,549,6,2.50
1850,12,8.93,0.00,1,549,6,2.50
1851,12,8.39,0.00,1,549,6,2.50
1852,12,7.50,0.00,0,550,6,2.50
1853,12,6.74,0.00,1,550,6,2.50
1854,12,5.11,0.00,1,551,6,2.50
1855,12,5.28,0.00,1,551,6,2.50
1856,12,5.65,0.00,1,552,6,2.50
1857,12,6.00,0.00,1,552,6,2.50
1858,11,5.89,0.00,0,553,5,2.60
1859,10,5.99,0.00,0,553,5,2.60
1860,10,6.24,0.00,0,553,5,2.60
1861,10,6.33,0.00,0,553,5,2.60
1862,11,5.75,0.00,0,553,5,2.60
1863,10,5.35,0.00,0,553,5,2.60
1864,11,5.04,0.00,0,553,5,2.60
1865,10,4.88,0.00,0,553,5,2.60
1866,9,4.34,0.00,0,553,5,2.60
1867,10,3.83,0.00,0,553,6,2.50
1868,9,3.35,0.00,1,553,6,2.50
1869,10,3.30,0.00,0,554,6,2.50
1870,11,3.69,0.00,0,554,6,2.50
1871,11,4.82,0.00,1,554,6,2.50
1872,11,5.97,0.00,1,554,6,2.50
1873,11,7.14,0.00,0,555,5,2.00
1874,11,8.47,0.00,1,555,6,2.17
1875,12,8.56,0.00,0,556,6,2.17
1876,12,8.59,0.00,0,556,6,2.17
1877,12,8.18,0.00,0,556,6,2.17
1878,12,7.68,0.00,1,556,6,2.17
1879,13,6.96,0.00,1,556,7,2.14
1880,13,5.96,0.00,0,557,6,2.17
1881,13,5.97,0.00,1,557,6,2.17
1882,13,5.74,0.00,1,558,7,2.14
1883,13,5.32,0.00,1,558,8,2.25
1884,13,6.09,0.00,1,559,8,2.25
1885,13,7.00,0.00,1,559,8,2.25
1886,12,7.12,0.00,0,560,7,2.29
1887,13,6.85,0.00,1,560,7,2.29
1888,13,6.93,0.00,0,561,7,2.29
1889,14,6.78,0.00,0,561,7,2.29
1890,14,7.31,0.00,0,561,7,2.29
1891,15,7.14,0.00,0,561,7,2.29
1892,14,7.08,0.00,0,561,6,2.33
1893,14,7.79,0.00,1,561,6,2.33
1894,12,7.00,0.00,1,562,5,2.40
1895,13,6.69,0.00,0,563,5,2.40
1896,13,7.23,0.00,0,563,5,2.40
1897,14,6.73,0.00,0,563,5,2.60
1898,12,5.81,0.00,0,563,5,2.60
1899,12,6.15,0.00,0,563,5,2.60
1900,13,5.75,0.00,1,563,6,2.50
1901,13,5.73,0.00,0,564,7,2.43
1902,13,5.58,0.00,1,564,7,2.43
1903,14,5.33,0.00,1,564,7,2.43
1904,13,5.31,0.00,0,565,6,2.50
1905,13,6.08,0.00,1,565,6,2.50
1906,13,6.53,0.00,0,566,6,2.50
1907,14,6.42,0.00,0,566,6,2.50
1908,13,6.59,0.00,0,566,6,2.50
1909,15,5.61,0.00,1,566,7,2.57
1910,15,5.97,0.00,1,566,7,2.57
1911,16,5.79,0.00,1,567,8,2.50
1912,16,5.28,0.00,0,568,7,2.57
1913,16,6.04,0.00,1,568,7,2.57
1914,17,6.38,0.00,1,569,8,2.50
1915,17,7.14,0.00,1,569,8,2.50
1916,16,7.69,0.00,0,570,7,2.00
1917,17,7.65,0.00,1,570,8,2.25
1918,17,8.81,0.00,0,571,8,2.38
1919,17,9.40,0.00,0,571,7,2.57
1920,18,8.81,0.00,1,571,7,2.71
1921,18,8.60,0.00,1,572,6,3.00
1922,19,8.39,0.00,1,573,5,3.40
1923,17,8.16,0.00,0,574,5,3.40
1924,16,7.92,0.00,1,574,5,3.40
1925,16,7.84,0.00,0,575,5,3.40
1926,16,7.53,0.00,0,575,5,3.40
1927,15,6.96,0.00,0,575,5,3.40
1928,15,5.95,0.00,0,575,5,3.60
1929,15,5.59,0.00,0,575,5,3.60
1930,16,5.01,0.00,1,575,5,3.80
1931,17,4.80,0.00,1,576,5,3.80
1932,14,3.45,0.00,1,576,5,3.80
1933,14,4.48,0.00,0,577,4,2.00
1934,14,4.55,0.00,1,577,6,3.00
1935,14,5.49,0.00,0,578,6,3.00
1936,14,6.45,0.00,1,578,6,3.00
1937,14,6.99,0.00,0,579,6,2.00
1938,14,7.51,0.00,1,579,7,2.43
1939,14,7.95,0.00,0,580,6,3.00
1940,14,7.97,0.00,1,580,6,3.17
1941,13,7.80,0.00,1,580,6,3.17
1942,13,7.81,0.00,0,581,5,2.20
1943,14,7.10,0.00,0,581,7,2.57
1944,13,6.43,0.00,1,581,6,2.83
1945,13,6.35,0.00,1,581,6,3.00
1946,13,5.31,0.00,1,582,6,2.83
1947,13,5.72,0.00,1,582,6,2.83
1948,15,5.41,0.00,0,583,6,2.00
1949,14,5.98,0.00,1,583,6,2.50
1950,15,6.89,0.00,0,584,7,2.43
1951,15,7.34,0.00,1,584,8,2.38
1952,14,8.14,0.00,0,585,7,2.00
1953,15,8.79,0.00,1,585,8,2.25
1954,15,9.58,0.00,0,586,8,2.38
1955,16,9.34,0.00,1,586,8,2.38
1956,16,8.96,0.00,1,587,7,2.43
1957,17,8.82,0.00,0,588,9,2.33
1958,17,9.20,0.00,0,588,9,2.33
1959,16,9.68,0.00,1,588,9,2.22
1960,16,10.19,0.00,1,588,9,2.22
1961,15,9.83,0.00,0,589,7,2.29
1962,16,8.99,0.00,2,589,7,2.29
1963,15,8.87,0.00,1,591,6,2.67
1964,15,8.46,0.00,1,591,7,2.57
1965,15,8.75,0.00,0,592,6,2.33
1966,15,8.10,0.00,1,592,7,2.29
1967,16,7.86,0.00,0,593,7,2.29
1968,15,7.64,0.00,1,593,7,2.29
1969,16,7.30,0.00,0,594,6,2.50
1970,16,7.60,0.00,1,594,6,2.50
1971,16,8.21,0.00,1,594,6,2.50
1972,14,8.03,0.00,0,595,6,2.50
1973,13,8.12,0.00,0,595,6,2.50
1974,13,8.38,0.00,0,595,6,2.67
1975,13,8.08,0.00,1,595,6,2.67
1976,12,7.53,0.00,1,595,6,2.67
1977,12,6.95,0.00,0,596,5,2.60
1978,12,5.58,0.00,1,596,5,2.60
1979,12,5.67,0.00,1,597,5,2.60
1980,11,5.42,0.00,0,598,5,2.60
1981,11,5.88,0.00,1,598,5,2.60
1982,11,6.33,0.00,0,599,5,2.60
1983,10,6.34,0.00,1,599,5,2.60
1984,11,6.22,0.00,1,599,5,2.60
1985,11,7.11,0.00,0,600,4,2.00
1986,11,8.22,0.00,1,600,5,2.20
1987,12,8.67,0.00,0,601,6,2.17
1988,11,9.67,0.00,1,601,6,2.17
1989,11,10.40,0.00,1,601,6,2.17
1990,9,9.80,0.00,0,602,5,2.00
1991,9,9.45,0.00,0,602,6,2.00
1992,8,8.75,0.00,0,602,6,2.00
1993,8,8.86,0.00,1,602,6,2.00
1994,8,9.18,0.00,1,603,6,2.00
1995,7,9.57,0.00,1,603,6,2.00
1996,7,10.25,0.00,0,604,6,2.00
1997,7,8.44,0.00,2,604,6,2.00
1998,8,8.21,0.00,0,606,5,2.00
1999,9,8.19,0.00,0,606,6,2.00
2000,9,7.30,0.00,1,606,6,2.00
2001,9,8.59,0.00,1,606,6,2.00
2002,10,8.72,0.00,0,607,7,2.00
2003,10,9.82,0.00,0,607,7,2.00
2004,10,10.81,0.00,0,607,7,2.00
2005,10,11.54,0.00,0,607,7,2.00
2006,10,10.87,0.00,0,607,6,2.17
2007,9,11.35,0.00,0,607,6,2.17
2008,8,11.46,0.00,0,607,6,2.17
2009,7,11.10,0.00,0,607,6,2.17
2010,7,9.91,0.00,1,607,6,2.17
2011,8,8.17,0.00,1,607,6,2.17
2012,8,8.50,0.00,1,608,6,2.17
2013,7,8.03,0.00,1,608,6,2.17
2014,7,8.93,0.00,1,609,6,2.17
2015,7,9.60,0.00,0,610,5,2.00
2016,8,8.95,0.00,0,610,6,2.00
2017,8,8.99,0.00,1,610,6,2.00
2018,9,8.11,0.00,1,610,6,2.00
2019,9,8.86,0.00,2,611,6,2.00
2020,9,9.85,0.00,2,611,6,2.00
2021,9,10.68,0.00,0,613,6,2.00
2022,8,11.26,0.00,0,613,5,2.00
2023,7,11.23,0.00,0,613,6,2.00
2024,7,11.88,0.00,1,613,6,2.00
2025,7,12.16,0.00,0,614,6,2.17
2026,6,12.36,0.00,0,614,6,2.17
2027,6,12.31,0.00,0,614,6,2.17
2028,6,11.59,0.00,0,614,6,2.17
2029,6,10.81,0.00,1,614,6,2.17
2030,6,10.71,0.00,1,614,6,2.17
2031,4,9.44,0.00,0,615,6,2.00
2032,4,11.18,0.00,1,615,6,2.00
2033,3,11.37,0.00,0,616,5,2.00
2034,4,9.15,0.00,0,616,5,2.00
2035,4,7.07,0.00,0,616,5,2.00
2036,4,8.32,0.00,0,616,5,2.00
2037,4,9.57,0.00,0,616,5,2.00
2038,4,10.82,0.00,0,616,5,2.00
2039,4,12.07,0.00,0,616,5,2.00
2040,4,12.56,0.00,0,616,5,2.00
2041,3,12.36,0.00,0,616,5,2.00
2042,4,9.27,0.00,0,616,5,2.00
2043,4,9.90,0.00,0,616,5,2.00
2044,4,7.36,0.00,0,616,5,2.00
2045,5,6.56,0.00,0,616,6,2.00
2046,5,7.16,0.00,1,616,6,2.00
2047,6,7.01,0.00,1,616,6,2.17
2048,6,7.93,0.00,0,617,6,2.17
2049,6,8.60,0.00,0,617,6,2.17
2050,7,8.23,0.00,1,617,6,2.17
2051,8,7.93,0.00,0,618,6,2.17
2052,8,9.18,0.00,0,618,6,2.17
2053,8,9.93,0.00,0,618,6,2.17
2054,8,10.55,0.00,0,618,6,2.17
2055,8,10.61,0.00,0,618,6,2.17
2056,9,9.15,0.00,0,618,6,2.17
2057,9,9.03,0.00,0,618,6,2.17
2058,8,7.83,0.00,0,618,6,2.17
2059,8,7.53,0.00,1,618,6,2.17
2060,9,6.55,0.00,1,619,6,2.17
2061,9,7.44,0.00,1,619,6,2.17
2062,9,8.60,0.00,0,620,6,2.00
2063,8,9.45,0.00,1,620,6,2.00
2064,8,9.29,0.00,1,621,6,2.17
2065,9,8.23,0.00,2,621,6,2.17
2066,9,8.84,0.00,1,623,6,2.17
2067,9,9.45,0.00,1,623,6,2.17
2068,9,10.02,0.00,0,624,7,2.14
2069,10,9.76,0.00,1,624,8,2.12
2070,10,10.50,0.00,0,625,8,2.12
2071,11,10.08,0.00,0,625,8,2.12
2072,11,10.53,0.00,1,625,8,2.12
2073,10,11.04,0.00,0,626,8,2.00
2074,10,11.54,0.00,0,626,8,2.00
2075,9,11.82,0.00,0,626,8,2.00
2076,9,11.50,0.00,0,626,8,2.00
2077,8,10.98,0.00,0,626,8,2.00
2078,6,11.40,0.00,1,626,6,2.00
2079,5,12.10,0.00,0,627,5,2.00
2080,4,12.60,0.00,0,627,5,2.00
2081,4,12.35,0.00,0,627,5,2.00
2082,3,10.33,0.00,0,627,5,2.00
2083,3,8.83,0.00,0,627,5,2.00
2084,3,7.75,0.00,0,627,5,2.00
2085,4,4.69,0.00,0,627,5,2.00
2086,4,5.94,0.00,1,627,5,2.00
2087,4,7.20,0.00,1,628,5,2.00
2088,3,7.47,0.00,1,628,5,2.00
2089,3,9.26,0.00,0,629,5,2.00
2090,3,10.59,0.00,0,629,5,2.00
2091,3,11.36,0.00,0,629,5,2.00
2092,3,11.36,0.00,0,629,5,2.00
2093,3,11.36,0.00,0,629,5,2.00
2094,3,11.36,0.00,0,629,5,2.00
2095,3,11.36,0.00,0,629,5,2.00
2096,3,11.36,0.00,0,629,5,2.00
2097,3,11.36,0.00,0,629,5,2.00
2098,3,10.27,0.00,0,629,5,2.00
2099,2,9.61,0.00,1,629,5,2.00
2100,1,7.19,0.00,1,629,5,2.00
2101,1,7.19,0.00,0,630,5,2.00
2102,1,9.69,0.00,0,630,5,2.00
2103,1,11.47,0.00,0,630,5,2.00
2104,2,5.74,0.00,0,630,5,2.00
2105,2,6.99,0.00,0,630,5,2.00
2106,4,4.12,0.00,0,630,6,2.00
2107,4,5.49,0.00,0,630,6,2.00
2108,4,7.37,0.00,0,630,6,2.00
2109,5,7.06,0.00,0,630,6,2.17
2110,6,7.13,0.00,0,630,6,2.17
2111,6,8.80,0.00,0,630,6,2.17
2112,5,9.69,0.00,0,630,6,2.17
2113,6,8.91,0.00,0,630,6,2.17
2114,7,8.70,0.00,0,630,6,2.33
2115,7,9.94,0.00,0,630,6,2.33
2116,7,10.84,0.00,0,630,6,2.33
2117,7,11.16,0.00,0,630,6,2.33
2118,7,11.08,0.00,1,630,6,2.33
2119,8,9.58,0.00,2,630,6,2.33
2120,8,9.22,0.00,0,632,5,2.00
2121,9,8.56,0.00,1,632,5,2.00
2122,9,9.31,0.00,0,633,5,2.00
2123,9,9.12,0.00,0,633,5,2.00
2124,9,9.17,0.00,0,633,6,2.00
2125,9,9.25,0.00,1,633,6,2.00
2126,9,9.03,0.00,0,634,6,2.00
2127,10,7.82,0.00,0,634,6,2.00
2128,11,7.27,0.00,0,634,6,2.00
2129,11,7.72,0.00,0,634,6,2.17
2130,11,6.99,0.00,0,634,6,2.17
2131,11,7.30,0.00,1,634,6,2.17
2132,10,7.08,0.00,0,635,6,2.17
2133,9,6.55,0.00,1,635,6,2.17
2134,9,7.01,0.00,1,635,6,2.17
2135,8,6.68,0.00,0,636,6,2.17
2136,8,7.48,0.00,1,636,6,2.33
2137,9,7.48,0.00,1,636,6,2.33
2138,9,8.81,0.00,0,637,5,2.00
2139,10,8.19,0.00,0,637,6,2.17
2140,11,7.51,0.00,0,637,6,2.17
2141,10,7.06,0.00,1,637,6,2.17
2142,10,6.99,0.00,1,637,6,2.17
2143,11,6.94,0.00,1,638,7,2.14
2144,11,7.84,0.00,0,639,7,2.29
2145,11,7.26,0.00,0,639,7,2.43
2146,11,7.57,0.00,0,639,7,2.43
2147,12,7.06,0.00,0,639,7,2.43
2148,11,6.66,0.00,0,639,7,2.43
2149,11,6.71,0.00,0,639,7,2.43
2150,11,7.16,0.00,0,639,7,2.43
2151,11,7.38,0.00,0,639,7,2.43
2152,11,7.20,0.00,0,639,7,2.43
2153,10,6.69,0.00,2,639,7,2.43
2154,10,6.69,0.00,0,641,6,2.33
2155,10,5.92,0.00,0,641,6,2.33
2156,10,6.02,0.00,0,641,7,2.29
2157,10,5.94,0.00,1,641,7,2.29
2158,10,5.81,0.00,0,642,6,2.33
2159,11,5.23,0.00,1,642,7,2.29
2160,11,5.77,0.00,1,643,8,2.25
2161,12,5.80,0.00,0,644,8,2.38
2162,12,6.47,0.00,0,644,8,2.38
2163,12,7.18,0.00,0,644,8,2.38
2164,13,6.02,0.00,0,644,8,2.50
2165,12,6.09,0.00,0,644,8,2.50
2166,12,6.68,0.00,0,644,8,2.50
2167,13,6.55,0.00,0,644,9,2.44
2168,13,7.12,0.00,1,644,9,2.44
2169,12,7.31,0.00,0,645,7,2.29
2170,13,7.04,0.00,0,645,8,2.25
2171,11,6.36,0.00,0,645,8,2.25
2172,11,6.76,0.00,0,645,8,2.25
2173,11,6.97,0.00,1,645,8,2.25
2174,12,6.59,0.00,1,645,8,2.25
2175,12,6.91,0.00,0,646,8,2.25
2176,12,6.55,0.00,0,646,8,2.25
2177,12,6.67,0.00,2,646,8,2.25
2178,12,7.08,0.00,0,648,6,2.33
2179,11,6.97,0.00,1,648,6,2.33
2180,12,6.21,0.00,0,649,7,2.29
2181,12,6.48,0.00,1,649,7,2.29
2182,12,6.52,0.00,1,650,7,2.29
2183,12,6.90,0.00,1,650,7,2.29
2184,12,7.50,0.00,1,651,7,2.43
2185,13,7.50,0.00,1,651,7,2.43
2186,13,8.09,0.00,0,652,6,2.17
2187,12,7.47,0.00,1,652,7,2.14
2188,12,8.25,0.00,0,653,8,2.12
2189,13,8.41,0.00,1,653,8,2.12
2190,13,9.10,0.00,1,653,8,2.12
2191,12,9.65,0.00,1,654,7,2.14
2192,11,10.36,0.00,0,655,7,2.14
2193,10,10.27,0.00,0,655,7,2.14
2194,9,9.55,0.00,0,655,7,2.14
2195,9,9.23,0.00,0,655,7,2.14
2196,9,9.22,0.00,0,655,7,2.14
2197,8,8.78,0.00,0,655,7,2.00
2198,7,8.21,0.00,0,655,6,2.17
2199,7,7.78,0.00,1,655,6,2.17
2200,7,7.08,0.00,0,656,6,2.17
2201,7,6.58,0.00,1,656,6,2.17
2202,7,4.49,0.00,1,657,7,2.14
2203,6,4.84,0.00,1,657,7,2.14
2204,6,6.88,0.00,0,658,7,2.14
2205,6,8.75,0.00,1,658,7,2.14
2206,6,10.07,0.00,0,659,6,2.33
2207,6,11.17,0.00,1,659,6,2.33
2208,6,11.50,0.00,0,660,6,2.33
2209,7,9.80,0.00,0,660,6,2.33
2210,7,10.05,0.00,0,660,6,2.33
2211,7,10.34,0.00,0,660,6,2.33
2212,6,10.62,0.00,0,660,6,2.17
2213,6,9.17,0.00,0,660,6,2.00
2214,6,10.42,0.00,0,660,6,2.00
2215,5,9.66,0.00,0,660,5,2.00
2216,5,9.82,0.00,1,660,5,2.00
2217,5,10.32,0.00,0,661,5,2.00
2218,4,10.87,0.00,0,661,5,2.00
2219,3,11.50,0.00,0,661,5,2.00
2220,4,8.67,0.00,0,661,5,2.00
2221,5,6.68,0.00,0,661,5,2.00
2222,5,6.78,0.00,0,661,5,2.00
2223,5,8.24,0.00,1,661,5,2.00
2224,5,9.24,0.00,0,662,5,2.00
2225,5,10.50,0.00,0,662,5,2.00
2226,5,11.50,0.00,0,662,5,2.00
2227,5,11.73,0.00,0,662,5,2.00
2228,6,9.03,0.00,1,662,5,2.00
2229,5,9.51,0.00,1,662,5,2.00
2230,6,8.35,0.00,0,663,5,2.00
2231,6,9.60,0.00,0,663,5,2.00
2232,7,8.51,0.00,0,663,6,2.00
2233,8,7.14,0.00,0,663,6,2.00
2234,7,6.10,0.00,1,663,6,2.00
2235,8,6.44,0.00,1,663,7,2.00
2236,8,7.37,0.00,0,664,7,2.00
2237,9,7.58,0.00,0,664,7,2.00
2238,9,8.56,0.00,0,664,7,2.00
2239,9,9.12,0.00,0,664,8,2.00
2240,10,8.61,0.00,0,664,9,2.00
2241,10,8.91,0.00,0,664,9,2.00
2242,9,8.93,0.00,0,664,9,2.00
2243,9,9.17,0.00,1,664,9,2.00
2244,10,8.50,0.00,0,665,8,2.00
2245,10,8.65,0.00,0,665,7,2.29
2246,10,8.05,0.00,1,665,7,2.29
2247,9,7.03,0.00,1,665,7,2.29
2248,9,6.43,0.00,1,666,7,2.29
2249,9,6.38,0.00,1,666,7,2.29
2250,10,5.95,0.00,0,667,6,2.00
2251,11,6.07,0.00,1,667,7,2.00
2252,12,6.37,0.00,0,668,8,2.12
2253,12,7.33,0.00,1,668,8,2.12
2254,12,6.99,0.00,0,669,8,2.12
2255,12,7.82,0.00,1,669,8,2.12
2256,13,7.71,0.00,0,670,9,2.11
2257,13,8.21,0.00,0,670,10,2.10
2258,13,7.79,0.00,0,670,9,2.11
2259,13,8.50,0.00,0,670,9,2.11
2260,12,8.56,0.00,0,670,9,2.11
2261,12,8.98,0.00,0,670,9,2.11
2262,12,9.29,0.00,1,670,9,2.11
2263,12,9.18,0.00,0,671,8,2.12
2264,10,8.35,0.00,1,671,7,2.14
2265,11,7.34,0.00,1,671,7,2.29
2266,10,6.71,0.00,0,672,6,2.33
2267,10,6.57,0.00,1,672,6,2.33
2268,10,6.41,0.00,1,673,7,2.29
2269,10,6.48,0.00,0,674,7,2.29
2270,10,6.44,0.00,1,674,7,2.29
2271,11,6.30,0.00,2,674,7,2.29
2272,11,7.21,0.00,1,675,7,2.29
2273,10,7.83,0.00,0,676,6,2.00
2274,10,9.31,0.00,1,676,7,2.00
2275,11,9.37,0.00,0,677,8,2.00
2276,11,9.68,0.00,0,677,8,2.00
2277,11,8.46,0.00,0,677,8,2.00
2278,10,7.72,0.00,0,677,8,2.00
2279,10,8.12,0.00,1,677,8,2.00
2280,9,8.32,0.00,0,678,8,2.00
2281,9,8.86,0.00,0,678,8,2.00
2282,9,7.74,0.00,0,678,8,2.00
2283,9,8.13,0.00,0,678,8,2.00
2284,8,7.41,0.00,0,678,7,2.00
2285,8,8.24,0.00,1,678,7,2.00
2286,7,8.15,0.00,1,679,7,2.00
2287,8,8.29,0.00,1,679,7,2.00
2288,8,8.70,0.00,1,680,6,2.00
2289,9,8.36,0.00,1,681,6,2.00
2290,9,9.10,0.00,0,682,6,2.00
2291,8,9.55,0.00,1,682,6,2.00
2292,8,10.45,0.00,0,683,6,2.00
2293,8,11.37,0.00,0,683,6,2.00
2294,9,10.52,0.00,0,683,6,2.00
2295,9,10.72,0.00,0,683,6,2.00
2296,10,9.89,0.00,1,683,7,2.00
2297,10,9.03,0.00,0,684,7,2.00
2298,10,10.03,0.00,0,684,7,2.00
2299,10,9.58,0.00,0,684,8,2.00
2300,8,8.96,0.00,1,684,8,2.00
2301,8,9.49,0.00,1,684,8,2.00
2302,9,8.84,0.00,0,685,7,2.00
2303,8,9.01,0.00,1,685,7,2.00
2304,8,10.26,0.00,1,685,7,2.00
2305,8,10.88,0.00,0,686,7,2.00
2306,9,9.97,0.00,0,686,7,2.00
2307,9,10.21,0.00,0,686,7,2.00
2308,8,10.27,0.00,1,686,7,2.00
2309,9,9.60,0.00,0,687,6,2.00
2310,9,9.71,0.00,0,687,6,2.00
2311,10,8.96,0.00,2,687,6,2.00
2312,10,9.28,0.00,1,688,6,2.00
2313,9,9.58,0.00,0,689,5,2.00
2314,9,10.30,0.00,1,689,5,2.00
2315,9,9.27,0.00,0,690,7,2.00
2316,9,10.08,0.00,1,690,7,2.00
2317,10,9.40,0.00,0,691,7,2.00
2318,11,9.22,0.00,0,691,7,2.14
2319,11,9.78,0.00,1,691,7,2.14
2320,11,9.40,0.00,1,691,8,2.12
2321,11,9.74,0.00,0,692,8,2.12
2322,12,9.32,0.00,0,692,8,2.25
2323,11,9.34,0.00,0,692,8,2.25
2324,12,9.02,0.00,0,692,8,2.25
2325,11,9.52,0.00,1,692,7,2.29
2326,11,10.09,0.00,0,693,6,2.17
2327,10,10.47,0.00,1,693,6,2.17
2328,9,10.80,0.00,0,694,6,2.33
2329,9,11.00,0.00,0,694,6,2.33
2330,9,9.99,0.00,0,694,7,2.29
2331,10,7.59,0.00,1,694,7,2.29
2332,10,6.08,0.00,1,694,7,2.29
2333,10,6.07,0.00,1,695,7,2.29
2334,10,6.75,0.00,1,695,7,2.29
2335,11,7.07,0.00,1,695,8,2.25
2336,11,8.45,0.00,1,696,7,2.00
2337,10,9.07,0.00,2,696,7,2.00
2338,11,9.32,0.00,1,698,7,2.00
2339,10,9.70,0.00,0,699,5,2.00
2340,11,9.73,0.00,1,699,6,2.00
2341,12,9.67,0.00,1,699,6,2.00
2342,12,10.60,0.00,0,700,6,2.00
2343,11,10.88,0.00,0,700,6,2.00
2344,11,11.38,0.00,1,700,6,2.00
2345,10,11.59,0.00,0,701,6,2.00
2346,11,10.93,0.00,0,701,6,2.17
2347,11,10.82,0.00,1,701,6,2.17
2348,10,10.72,0.00,0,702,6,2.17
2349,8,10.13,0.00,0,702,6,2.17
2350,9,9.47,0.00,1,702,6,2.17
2351,8,9.54,0.00,0,703,5,2.00
2352,8,9.81,0.00,0,703,5,2.00
2353,8,9.57,0.00,1,703,5,2.00
2354,8,9.92,0.00,1,703,5,2.00
2355,7,9.30,0.00,1,704,5,2.00
2356,7,9.65,0.00,1,704,5,2.00
2357,8,8.52,0.00,0,705,5,2.00
2358,8,8.72,0.00,1,705,5,2.00
2359,9,8.06,0.00,1,705,5,2.00
2360,8,8.29,0.00,1,706,5,2.00
2361,8,8.27,0.00,1,706,5,2.00
2362,8,9.64,0.00,0,707,5,2.00
2363,8,10.00,0.00,0,707,6,2.00
2364,8,10.94,0.00,1,707,6,2.00
2365,7,11.22,0.00,0,708,6,2.00
2366,7,11.59,0.00,0,708,6,2.00
2367,8,10.28,0.00,0,708,6,2.00
2368,8,10.57,0.00,0,708,6,2.00
2369,8,10.87,0.00,0,708,6,2.00
2370,7,11.32,0.00,1,708,5,2.00
2371,7,12.03,0.00,0,709,5,2.00
2372,5,11.14,0.00,0,709,5,2.00
2373,5,9.73,0.00,1,709,5,2.00
2374,5,9.63,0.00,2,709,5,2.00
2375,5,9.63,0.00,0,711,5,2.00
2376,5,8.31,0.00,0,711,5,2.00
2377,5,9.81,0.00,0,711,5,2.00
2378,6,9.03,0.00,0,711,6,2.00
2379,6,8.78,0.00,0,711,6,2.00
2380,6,9.82,0.00,1,711,6,2.00
2381,6,10.34,0.00,0,712,6,2.00
2382,5,11.02,0.00,0,712,6,2.00
2383,5,11.73,0.00,0,712,6,2.00
2384,6,9.84,0.00,0,712,6,2.00
2385,5,9.53,0.00,0,712,6,2.00
2386,6,8.35,0.00,0,712,7,2.00
2387,6,7.02,0.00,0,712,7,2.00
2388,7,7.09,0.00,0,712,7,2.00
2389,7,8.52,0.00,0,712,7,2.00
2390,7,9.01,0.00,1,712,7,2.00
2391,7,10.03,0.00,1,712,7,2.00
2392,6,10.25,0.00,0,713,6,2.00
2393,6,11.32,0.00,1,713,6,2.00
2394,7,9.92,0.00,0,714,6,2.00
2395,7,10.28,0.00,0,714,6,2.00
2396,7,10.00,0.00,0,714,6,2.00
2397,7,10.70,0.00,1,714,6,2.00
2398,7,11.09,0.00,0,715,5,2.00
2399,7,10.57,0.00,0,715,5,2.00
2400,7,9.70,0.00,0,715,5,2.00
2401,7,8.41,0.00,1,715,5,2.00
2402,7,7.77,0.00,1,715,5,2.00
2403,8,6.79,0.00,1,716,5,2.00
2404,7,7.67,0.00,2,716,5,2.00
2405,8,7.65,0.00,2,716,5,2.00
2406,7,8.62,0.00,0,718,5,2.00
2407,7,9.92,0.00,0,718,5,2.00
2408,6,10.16,0.00,0,718,5,2.00
2409,6,11.00,0.00,1,718,5,2.00
2410,6,11.60,0.00,0,719,5,2.00
2411,6,12.04,0.00,0,719,5,2.00
2412,6,12.04,0.00,0,719,5,2.00
2413,6,12.04,0.00,0,719,5,2.00
2414,6,12.04,0.00,0,719,5,2.00
2415,5,11.92,0.00,0,719,5,2.00
2416,5,8.32,0.00,1,719,5,2.00
2417,4,7.20,0.00,1,719,5,2.00
2418,5,5.94,0.00,1,720,6,2.00
2419,5,7.04,0.00,0,721,6,2.00
2420,5,9.04,0.00,0,721,6,2.00
2421,6,8.64,0.00,0,721,6,2.00
2422,5,9.55,0.00,0,721,6,2.00
2423,5,10.55,0.00,0,721,6,2.00
2424,6,9.47,0.00,0,721,6,2.17
2425,6,10.31,0.00,0,721,6,2.17
2426,6,11.14,0.00,0,721,6,2.17
2427,7,9.92,0.00,0,721,6,2.17
2428,6,10.27,0.00,0,721,6,2.17
2429,5,9.26,0.00,0,721,6,2.17
2430,5,9.52,0.00,1,721,6,2.17
2431,6,8.21,0.00,1,721,7,2.14
2432,6,8.10,0.00,0,722,6,2.00
2433,8,6.45,0.00,1,722,6,2.17
2434,8,6.76,0.00,0,723,6,2.17
2435,9,7.39,0.00,1,723,7,2.14
2436,10,7.79,0.00,0,724,8,2.12
2437,11,8.35,0.00,0,724,8,2.25
2438,11,9.31,0.00,0,724,8,2.25
2439,11,9.70,0.00,0,724,8,2.25
2440,12,9.12,0.00,0,724,8,2.38
2441,12,9.64,0.00,1,724,8,2.38
2442,13,8.95,0.00,1,724,8,2.38
2443,12,9.01,0.00,1,724,8,2.50
2444,13,8.39,0.00,0,725,7,2.14
2445,13,8.07,0.00,1,725,6,2.17
2446,13,8.56,0.00,0,726,6,2.17
2447,14,6.97,0.00,0,726,7,2.14
2448,14,6.79,0.00,0,726,8,2.12
2449,14,6.57,0.00,1,726,8,2.25
2450,14,6.63,0.00,1,726,8,2.38
2451,15,6.21,0.00,1,727,8,2.50
2452,15,6.91,0.00,1,727,8,2.50
2453,16,7.00,0.00,0,728,7,2.43
2454,16,7.05,0.00,0,728,8,2.50
2455,16,7.00,0.00,0,728,8,2.62
2456,14,6.16,0.00,1,728,8,2.62
2457,15,5.62,0.00,0,729,8,2.62
2458,15,5.64,0.00,0,729,8,2.62
2459,16,5.25,0.00,1,729,8,2.75
2460,16,5.54,0.00,1,729,8,2.75
2461,16,5.68,0.00,0,730,7,2.43
2462,16,5.15,0.00,1,730,8,2.38
2463,17,5.20,0.00,0,731,9,2.33
2464,17,5.79,0.00,0,731,9,2.44
2465,18,5.71,0.00,1,731,9,2.56
2466,18,5.34,0.00,0,732,8,2.62
2467,18,4.90,0.00,1,732,8,2.62
2468,18,5.17,0.00,1,732,8,2.62
2469,18,5.33,0.00,0,733,8,2.62
2470,18,5.87,0.00,0,733,8,2.62
2471,19,5.77,0.00,0,733,8,2.62
2472,19,6.12,0.00,1,733,8,2.62
2473,19,5.75,0.00,0,734,7,2.71
2474,18,5.78,0.00,0,734,7,2.86
2475,18,5.92,0.00,0,734,8,2.75
2476,18,5.86,0.00,1,734,8,2.75
2477,18,5.56,0.00,1,735,8,2.88
2478,18,5.34,0.00,0,736,7,3.00
2479,18,4.50,0.00,1,736,7,3.00
2480,18,3.85,0.00,1,737,8,3.00
2481,19,3.92,0.00,1,737,8,3.00
2482,20,4.31,0.00,0,738,8,2.50
2483,19,4.69,0.00,1,738,9,2.67
2484,20,5.23,0.00,0,739,9,2.89
2485,20,5.96,0.00,1,739,8,3.25
2486,21,6.29,0.00,0,740,7,2.71
2487,21,6.78,0.00,1,740,8,3.00
2488,22,6.77,0.00,0,741,9,3.00
2489,21,7.03,0.00,1,741,9,3.11
2490,20,6.89,0.00,1,741,9,3.00
2491,20,6.69,0.00,1,741,9,3.00
2492,19,6.00,0.00,2,742,8,3.12
2493,18,5.68,0.00,2,742,8,3.12
2494,18,5.06,0.00,0,744,8,3.25
2495,18,5.53,0.00,1,744,8,3.25
2496,18,5.92,0.00,0,745,8,3.25
2497,18,6.19,0.00,0,745,8,3.25
2498,17,5.80,0.00,0,745,8,3.12
2499,17,5.71,0.00,1,745,8,3.12
2500,16,5.10,0.00,1,745,8,3.00
2501,16,5.06,0.00,1,746,8,3.00
2502,16,4.50,0.00,1,746,8,2.88
2503,16,4.99,0.00,0,747,7,2.71
2504,14,4.26,0.00,1,747,7,2.71
2505,14,4.63,0.00,0,748,8,2.62
2506,13,4.61,0.00,1,748,8,2.62
2507,13,4.97,0.00,0,749,7,2.71
2508,13,5.36,0.00,1,749,7,2.71
2509,13,5.74,0.00,1,750,8,2.62
2510,13,6.11,0.00,1,750,8,2.62
2511,13,6.58,0.00,1,750,8,2.62
2512,13,6.24,0.00,1,751,7,2.00
2513,13,7.18,0.00,0,752,8,2.25
2514,13,6.91,0.00,0,752,8,2.38
2515,12,6.81,0.00,0,752,8,2.38
2516,12,6.93,0.00,0,752,8,2.38
2517,14,5.64,0.00,1,752,8,2.50
2518,13,5.53,0.00,1,752,7,2.57
2519,12,5.54,0.00,0,753,7,2.57
2520,12,6.28,0.00,0,753,7,2.57
2521,12,6.70,0.00,0,753,7,2.57
2522,13,6.57,0.00,0,753,7,2.57
2523,11,5.91,0.00,0,753,7,2.86
2524,11,5.73,0.00,1,753,7,2.86
2525,11,5.81,0.00,1,753,7,2.86
2526,11,5.59,0.00,0,754,6,2.83
2527,11,5.61,0.00,1,754,6,2.83
2528,11,5.56,0.00,0,755,6,2.83
2529,12,5.28,0.00,1,755,6,2.83
2530,12,5.22,0.00,0,756,7,2.71
2531,12,5.25,0.00,1,756,7,2.71
2532,11,5.08,0.00,1,756,7,2.71
2533,11,5.81,0.00,0,757,7,2.71
2534,11,6.72,0.00,1,757,7,2.71
2535,11,7.56,0.00,0,758,7,2.71
2536,11,7.35,0.00,1,758,7,2.71
2537,11,8.65,0.00,0,759,6,2.33
2538,10,9.47,0.00,1,759,7,2.29
2539,11,9.35,0.00,0,760,7,2.29
2540,10,9.73,0.00,1,760,7,2.14
2541,11,9.42,0.00,0,761,7,2.00
2542,12,9.27,0.00,1,761,7,2.00
2543,11,9.44,0.00,0,762,6,2.17
2544,11,9.89,0.00,1,762,6,2.17
2545,10,10.10,0.00,0,763,6,2.33
2546,10,10.47,0.00,0,763,6,2.33
2547,9,10.31,0.00,0,763,6,2.33
2548,9,10.20,0.00,0,763,6,2.33
2549,9,9.88,0.00,0,763,6,2.33
2550,8,9.11,0.00,1,763,6,2.17
2551,8,8.58,0.00,1,763,6,2.17
2552,8,6.91,0.00,1,763,6,2.00
2553,7,6.16,0.00,2,763,5,2.00
2554,8,5.61,0.00,1,764,5,2.00
2555,7,4.22,0.00,1,764,5,2.00
2556,8,4.23,0.00,2,764,5,2.00
2557,8,5.09,0.00,1,765,5,2.00
2558,8,6.03,0.00,1,765,5,2.00
2559,9,6.17,0.00,1,765,5,2.00
2560,9,6.74,0.00,1,765,5,2.00
2561,9,7.29,0.00,1,765,5,2.00
2562,9,7.59,0.00,1,765,5,2.00
2563,10,6.98,0.00,1,765,6,2.00
2564,10,7.03,0.00,1,765,6,2.00
2565,10,6.92,0.00,1,765,6,2.00
2566,10,5.65,0.00,1,765,7,2.00
2567,10,5.42,0.00,2,765,7,2.14
2568,9,4.63,0.00,1,766,7,2.14
2569,9,4.58,0.00,1,766,7,2.14
2570,9,5.10,0.00,1,766,7,2.14
2571,9,5.87,0.00,1,767,7,2.29
2572,9,7.02,0.00,1,767,7,2.29
2573,9,7.84,0.00,1,768,6,2.17
2574,9,7.96,0.00,1,768,6,2.17
2575,9,7.49,0.00,1,769,6,2.17
2576,9,7.27,0.00,1,769,6,2.17
2577,10,6.43,0.00,0,770,6,2.17
2578,10,6.48,0.00,0,770,6,2.17
2579,9,6.63,0.00,1,770,6,2.17
2580,9,7.70,0.00,1,771,6,2.17
2581,9,8.72,0.00,1,771,6,2.17
2582,9,9.74,0.00,0,772,5,2.00
2583,8,10.30,0.00,1,772,5,2.00
2584,8,10.50,0.00,0,773,5,2.00
2585,7,11.23,0.00,1,773,5,2.00
2586,7,10.25,0.00,0,774,5,2.00
2587,6,10.48,0.00,0,774,5,2.00
2588,6,10.90,0.00,0,774,5,2.00
2589,5,10.68,0.00,0,774,5,2.00
2590,6,8.57,0.00,0,774,5,2.00
2591,7,7.88,0.00,1,774,5,2.00
2592,7,8.78,0.00,0,775,5,2.00
2593,7,9.85,0.00,0,775,5,2.00
2594,7,10.92,0.00,0,775,5,2.00
2595,5,11.55,0.00,0,775,5,2.00
2596,5,12.05,0.00,0,775,5,2.00
2597,5,9.56,0.00,0,775,5,2.00
2598,6,7.63,0.00,1,775,5,2.00
2599,6,8.68,0.00,1,775,5,2.00
2600,7,8.15,0.00,0,776,6,2.00
2601,7,9.58,0.00,0,776,6,2.00
2602,9,8.30,0.00,0,776,6,2.17
2603,9,8.47,0.00,0,776,6,2.17
2604,8,8.19,0.00,1,776,6,2.17
2605,8,9.02,0.00,1,777,6,2.17
2606,8,9.96,0.00,0,778,6,2.17
2607,9,9.76,0.00,0,778,6,2.17
2608,10,9.41,0.00,0,778,6,2.17
2609,9,9.48,0.00,0,778,6,2.17
2610,9,10.03,0.00,0,778,6,2.17
2611,10,9.08,0.00,1,778,6,2.17
2612,11,8.40,0.00,0,779,5,2.00
2613,11,8.74,0.00,0,779,6,2.00
2614,11,9.10,0.00,0,779,6,2.00
2615,12,8.30,0.00,1,779,6,2.00
2616,11,7.12,0.00,2,779,6,2.00
2617,12,6.54,0.00,2,779,6,2.00
2618,11,6.65,0.00,2,779,6,2.00
2619,12,6.51,0.00,1,780,7,2.00
2620,12,6.95,0.00,1,780,7,2.14
2621,13,6.67,0.00,2,780,7,2.14
2622,13,6.80,0.00,2,780,7,2.14
2623,13,6.84,0.00,1,781,8,2.12
2624,12,6.46,0.00,1,781,8,2.12
2625,12,6.57,0.00,1,781,8,2.25
2626,12,6.78,0.00,1,782,7,2.00
2627,12,7.01,0.00,1,782,7,2.00
2628,12,6.91,0.00,1,783,8,2.00
2629,12,7.26,0.00,2,783,8,2.12
2630,12,7.46,0.00,1,784,9,2.11
2631,11,7.12,0.00,2,784,9,2.11
2632,12,6.64,0.00,1,785,8,2.12
2633,12,7.24,0.00,2,786,7,2.00
2634,11,7.47,0.00,1,787,8,2.00
2635,11,7.70,0.00,0,788,8,2.00
2636,12,7.82,0.00,1,788,8,2.12
2637,12,8.70,0.00,2,788,8,2.12
2638,13,8.63,0.00,1,789,9,2.11
2639,11,9.15,0.00,0,790,8,2.00
2640,10,9.97,0.00,1,790,7,2.00
2641,11,9.53,0.00,0,791,8,2.12
2642,11,10.19,0.00,0,791,8,2.12
2643,10,10.79,0.00,0,791,7,2.14
2644,11,10.07,0.00,0,791,7,2.14
2645,9,9.74,0.00,1,791,7,2.14
2646,10,9.33,0.00,1,791,7,2.29
2647,10,9.89,0.00,0,792,7,2.29
2648,11,8.68,0.00,0,792,7,2.29
2649,11,9.28,0.00,0,792,7,2.29
2650,10,9.48,0.00,1,792,6,2.33
2651,9,9.78,0.00,1,793,6,2.33
2652,8,10.22,0.00,1,793,6,2.33
2653,8,11.08,0.00,0,794,5,2.00
2654,9,9.94,0.00,0,794,5,2.00
2655,10,9.00,0.00,0,794,5,2.00
2656,10,9.40,0.00,1,794,5,2.00
2657,10,8.42,0.00,1,795,5,2.00
2658,10,9.42,0.00,0,796,5,2.00
2659,10,10.05,0.00,0,796,5,2.00
2660,10,10.25,0.00,0,796,5,2.00
2661,11,9.32,0.00,1,796,7,2.00
2662,11,9.37,0.00,0,797,7,2.00
2663,10,8.12,0.00,1,797,7,2.14
2664,10,8.76,0.00,1,797,7,2.14
2665,11,8.85,0.00,0,798,6,2.00
2666,11,9.15,0.00,0,798,6,2.00
2667,11,9.38,0.00,0,798,7,2.00
2668,11,8.09,0.00,1,798,7,2.14
2669,10,7.63,0.00,2,798,7,2.14
2670,10,7.95,0.00,2,799,7,2.14
2671,10,8.39,0.00,2,799,6,2.50
2672,10,7.93,0.00,1,800,6,2.50
2673,10,9.14,0.00,1,801,5,2.00
2674,11,9.01,0.00,1,801,7,2.14
2675,11,9.33,0.00,0,802,7,2.14
2676,12,9.10,0.00,1,802,7,2.14
2677,13,9.02,0.00,1,802,7,2.29
2678,14,8.04,0.00,1,803,7,2.14
2679,14,8.52,0.00,2,803,7,2.14
2680,14,9.14,0.00,0,805,8,2.12
2681,13,10.18,0.00,1,805,8,2.12
2682,13,11.09,0.00,0,806,8,2.12
2683,14,10.70,0.00,0,806,8,2.25
2684,13,10.79,0.00,0,806,8,2.25
2685,12,10.84,0.00,1,806,8,2.25
2686,12,10.14,0.00,0,807,7,2.29
2687,12,10.40,0.00,0,807,8,2.25
2688,12,10.50,0.00,1,807,8,2.25
2689,13,10.22,0.00,1,808,7,2.29
2690,13,9.89,0.00,1,809,5,2.00
2691,13,10.50,0.00,0,810,6,2.00
2692,10,10.35,0.00,0,810,6,2.00
2693,10,10.30,0.00,1,810,6,2.00
2694,10,10.48,0.00,1,810,6,2.00
2695,10,10.77,0.00,1,811,6,2.00
2696,9,10.78,0.00,1,811,6,2.00
2697,9,10.92,0.00,0,812,7,2.00
2698,9,11.01,0.00,0,812,7,2.00
2699,8,10.19,0.00,0,812,6,2.00
2700,6,9.07,0.00,1,812,6,2.00
2701,6,8.74,0.00,1,813,6,2.00
2702,6,8.73,0.00,0,814,6,2.00
2703,6,8.39,0.00,1,814,6,2.00
2704,6,9.03,0.00,1,814,6,2.00
2705,7,8.25,0.00,1,815,6,2.00
2706,7,9.32,0.00,1,815,6,2.00
2707,7,8.78,0.00,1,815,6,2.00
2708,7,9.60,0.00,0,816,6,2.00
2709,7,8.80,0.00,0,816,6,2.00
2710,7,10.23,0.00,0,816,6,2.00
2711,6,10.48,0.00,0,816,6,2.00
2712,6,9.31,0.00,0,816,7,2.00
2713,6,10.29,0.00,0,816,7,2.00
2714,6,8.77,0.00,0,816,7,2.14
2715,6,9.27,0.00,0,816,7,2.14
2716,7,8.66,0.00,0,816,7,2.14
2717,8,7.98,0.00,0,816,7,2.14
2718,9,7.43,0.00,0,816,8,2.12
2719,8,8.11,0.00,1,816,8,2.12
2720,8,9.14,0.00,0,817,7,2.14
2721,9,8.76,0.00,0,817,8,2.12
2722,10,8.57,0.00,2,817,8,2.12
2723,10,9.52,0.00,2,817,8,2.12
2724,10,10.25,0.00,0,819,7,2.00
2725,10,10.99,0.00,0,819,7,2.00
2726,10,11.72,0.00,1,819,7,2.00
2727,10,11.82,0.00,0,820,7,2.00
2728,10,11.49,0.00,0,820,7,2.00
2729,10,10.62,0.00,2,820,7,2.00
2730,9,9.10,0.00,1,821,6,2.00
2731,9,8.56,0.00,1,821,6,2.00
2732,10,7.25,0.00,1,821,6,2.00
2733,11,6.73,0.00,1,821,6,2.00
2734,11,7.18,0.00,2,821,6,2.00
2735,10,5.67,0.00,1,822,7,2.00
2736,10,5.77,0.00,1,822,7,2.00
2737,10,6.17,0.00,1,822,7,2.00
2738,9,6.10,0.00,1,822,7,2.00
2739,9,4.88,0.00,1,822,7,2.00
2740,9,5.43,0.00,1,822,7,2.00
2741,9,5.75,0.00,1,822,6,2.17
2742,10,5.42,0.00,1,822,6,2.33
2743,10,5.92,0.00,1,822,6,2.33
2744,12,5.15,0.00,1,822,7,2.29
2745,11,4.49,0.00,1,822,7,2.29
2746,11,4.54,0.00,2,822,7,2.29
2747,12,4.39,0.00,1,823,8,2.25
2748,13,4.48,0.00,1,823,8,2.25
2749,13,5.04,0.00,1,823,8,2.25
2750,13,5.52,0.00,1,823,7,2.57
2751,13,5.65,0.00,1,823,7,2.57
2752,13,5.72,0.00,2,823,7,2.57
2753,13,5.74,0.00,1,824,7,2.57
2754,13,5.45,0.00,1,824,7,2.71
2755,13,4.79,0.00,1,824,7,2.71
2756,14,3.93,0.00,1,824,7,2.71
2757,14,3.67,0.00,1,824,7,2.71
2758,14,2.79,0.00,1,824,7,2.71
2759,14,2.82,0.00,1,824,7,2.71
2760,14,2.81,0.00,1,824,7,2.71
2761,14,2.70,0.00,2,824,7,2.71
2762,14,2.88,0.00,1,825,7,2.71
2763,13,2.66,0.00,1,825,7,2.71
2764,14,3.01,0.00,1,825,7,2.86
2765,15,3.52,0.00,1,826,7,2.86
2766,15,4.50,0.00,1,826,7,2.86
2767,16,4.86,0.00,1,827,7,2.57
2768,16,5.53,0.00,1,827,8,2.50
2769,17,5.70,0.00,1,828,8,2.62
2770,18,6.12,0.00,0,829,7,2.71
2771,18,6.78,0.00,2,829,7,2.86
2772,19,6.85,0.00,1,831,9,2.67
2773,18,7.03,0.00,1,831,9,2.67
2774,19,7.11,0.00,1,831,9,2.67
2775,19,7.42,0.00,0,832,8,2.12
2776,18,7.39,0.00,0,832,9,2.44
2777,18,7.80,0.00,0,832,9,2.44
2778,17,7.57,0.00,1,832,8,2.50
2779,17,7.71,0.00,1,832,8,2.50
2780,17,6.51,0.00,0,833,8,2.50
2781,17,5.67,0.00,0,833,7,2.57
2782,16,5.47,0.00,0,833,7,2.57
2783,16,5.43,0.00,1,833,7,2.57
2784,15,5.12,0.00,1,834,6,2.67
2785,14,4.33,0.00,1,834,6,2.67
2786,14,4.17,0.00,1,834,6,2.67
2787,15,3.35,0.00,2,834,6,2.67
2788,15,3.55,0.00,2,834,6,2.67
2789,15,3.89,0.00,1,835,6,2.67
2790,15,4.55,0.00,1,835,6,2.67
2791,16,4.87,0.00,1,836,6,2.67
2792,16,4.67,0.00,0,837,7,2.57
2793,16,4.98,0.00,0,837,7,2.71
2794,17,4.77,0.00,0,837,7,2.71
2795,17,4.16,0.00,1,837,8,2.62
2796,17,4.86,0.00,1,837,9,2.56
2797,18,4.76,0.00,0,838,9,2.67
2798,18,5.19,0.00,2,838,9,2.67
2799,18,6.00,0.00,2,838,9,2.67
2800,19,6.56,0.00,0,840,6,2.00
2801,18,7.06,0.00,1,840,8,2.25
2802,18,7.31,0.00,0,841,8,2.62
2803,18,7.72,0.00,0,841,8,2.75
2804,18,7.18,0.00,0,841,8,2.75
2805,18,7.25,0.00,1,841,8,2.75
2806,19,6.69,0.00,0,842,9,2.67
2807,19,6.42,0.00,0,842,9,2.67
2808,19,5.45,0.00,1,842,9,2.67
2809,20,5.17,0.00,1,842,9,2.67
2810,20,4.59,0.00,0,843,8,3.00
2811,19,4.61,0.00,0,843,8,3.00
2812,20,4.85,0.00,0,843,8,3.12
2813,19,4.67,0.00,0,843,8,3.12
2814,20,4.66,0.00,0,843,8,3.25
2815,21,4.66,0.00,1,843,8,3.25
2816,20,4.46,0.00,0,844,7,3.14
2817,20,4.58,0.00,0,844,7,3.14
2818,21,4.21,0.00,0,844,7,3.14
2819,21,4.15,0.00,1,844,7,3.14
2820,21,4.12,0.00,1,844,7,3.29
2821,21,4.06,0.00,2,844,7,3.29
2822,21,3.55,0.00,2,844,8,3.12
2823,21,3.41,0.00,1,845,8,3.12
2824,21,3.41,0.00,1,845,8,3.38
2825,22,3.36,0.00,1,845,8,3.38
2826,21,3.12,0.00,1,846,8,3.38
2827,21,3.28,0.00,0,847,7,3.57
2828,21,3.47,0.00,2,847,7,3.57
2829,21,3.63,0.00,1,848,7,3.57
2830,21,3.65,0.00,1,849,7,3.57
2831,21,3.80,0.00,1,849,7,3.57
2832,21,4.08,0.00,0,850,7,2.71
2833,20,4.08,0.00,1,850,9,2.89
2834,20,4.55,0.00,1,851,8,3.12
2835,21,4.77,0.00,1,851,9,2.89
2836,20,4.89,0.00,0,852,8,2.50
2837,21,5.17,0.00,1,852,10,2.70
2838,20,5.28,0.00,0,853,10,2.60
2839,20,5.67,0.00,2,853,9,2.78
2840,20,6.21,0.00,0,855,9,2.67
2841,20,6.37,0.00,1,855,10,2.60
2842,20,6.13,0.00,1,855,9,2.67
2843,20,6.39,0.00,1,856,8,2.62
2844,20,6.19,0.00,0,857,8,2.50
2845,21,6.34,0.00,0,857,9,2.44
2846,21,6.47,0.00,0,857,9,2.56
2847,20,6.32,0.00,1,857,8,2.75
2848,20,6.65,0.00,1,857,8,2.75
2849,19,5.94,0.00,0,858,8,2.75
2850,18,5.70,0.00,0,858,8,2.75
2851,17,5.43,0.00,0,858,8,2.75
2852,17,5.43,0.00,0,858,8,2.75
2853,16,4.83,0.00,0,858,8,2.75
2854,16,3.77,0.00,0,858,8,2.75
2855,16,3.67,0.00,0,858,8,2.75
2856,16,3.54,0.00,1,858,8,2.88
2857,17,3.29,0.00,1,859,8,2.88
2858,17,3.66,0.00,2,859,8,2.88
2859,16,3.37,0.00,1,860,8,2.88
2860,16,3.28,0.00,0,861,9,2.78
2861,16,3.31,0.00,0,861,9,2.78
2862,16,3.71,0.00,1,861,9,2.78
2863,16,4.14,0.00,1,861,9,2.78
2864,16,4.54,0.00,0,862,9,2.78
2865,17,4.40,0.00,0,862,9,2.78
2866,17,4.64,0.00,0,862,9,2.78
2867,18,4.24,0.00,1,862,9,2.78
2868,18,4.25,0.00,1,862,9,2.78
2869,18,4.46,0.00,1,862,9,2.78
2870,16,3.62,0.00,1,863,9,2.67
2871,16,4.05,0.00,1,863,9,2.67
2872,16,3.64,0.00,0,864,8,2.75
2873,16,4.07,0.00,1,864,8,2.88
2874,16,3.74,0.00,1,864,8,2.88
2875,16,4.42,0.00,0,865,7,2.71
2876,16,4.62,0.00,0,865,8,2.75
2877,16,4.66,0.00,0,865,8,2.88
2878,16,4.54,0.00,0,865,8,2.88
2879,17,4.28,0.00,1,865,8,2.88
2880,17,4.31,0.00,1,866,8,2.88
2881,16,4.02,0.00,1,866,7,3.14
2882,16,4.41,0.00,0,867,6,3.00
2883,15,4.54,0.00,1,867,6,3.00
2884,15,4.77,0.00,1,867,7,3.00
2885,15,4.82,0.00,1,868,7,3.00
2886,14,4.12,0.00,1,868,7,3.00
2887,14,3.71,0.00,0,869,7,3.00
2888,14,3.76,0.00,1,869,7,3.00
2889,14,4.02,0.00,1,870,7,3.00
2890,14,4.56,0.00,1,870,7,3.00
2891,14,5.08,0.00,0,871,6,2.00
2892,13,5.39,0.00,1,871,8,2.38
2893,13,6.10,0.00,0,872,7,2.43
2894,14,6.41,0.00,1,872,7,2.71
2895,13,6.98,0.00,0,873,7,2.00
2896,12,7.29,0.00,1,873,8,2.25
2897,12,8.03,0.00,0,874,8,2.25
2898,13,8.10,0.00,1,874,8,2.38
2899,13,8.14,0.00,1,874,8,2.38
2900,12,8.39,0.00,0,875,7,2.00
2901,13,8.34,0.00,1,875,8,2.12
2902,13,9.26,0.00,0,876,8,2.12
2903,12,9.61,0.00,0,876,8,2.12
2904,11,9.57,0.00,0,876,7,2.14
2905,11,9.26,0.00,0,876,7,2.14
2906,11,9.35,0.00,1,876,7,2.14
2907,10,8.00,0.00,0,877,6,2.17
2908,10,8.21,0.00,0,877,6,2.33
2909,10,7.07,0.00,0,877,6,2.33
2910,11,6.85,0.00,1,877,7,2.29
2911,11,5.87,0.00,0,878,7,2.29
2912,11,5.81,0.00,0,878,7,2.29
2913,11,6.13,0.00,1,878,7,2.29
2914,11,6.81,0.00,1,878,7,2.29
2915,11,7.30,0.00,0,879,7,2.29
2916,10,7.14,0.00,0,879,7,2.43
2917,10,7.27,0.00,0,879,7,2.43
2918,10,7.10,0.00,0,879,7,2.43
2919,10,6.65,0.00,0,879,7,2.43
2920,11,5.63,0.00,0,879,7,2.43
2921,10,4.57,0.00,0,879,7,2.43
2922,10,4.18,0.00,1,879,7,2.43
2923,11,3.29,0.00,2,879,8,2.38
2924,11,3.34,0.00,2,879,8,2.38
2925,11,3.77,0.00,1,880,8,2.38
2926,10,3.69,0.00,1,880,7,2.57
2927,10,4.49,0.00,2,880,7,2.71
2928,10,5.27,0.00,2,881,7,2.71
2929,10,5.58,0.00,2,881,7,2.71
2930,10,6.22,0.00,1,883,6,2.00
2931,10,7.05,0.00,1,883,8,2.12
2932,11,7.22,0.00,0,884,7,2.29
2933,11,7.84,0.00,1,884,7,2.43
2934,12,6.69,0.00,0,885,7,2.00
2935,12,7.87,0.00,1,885,8,2.12
2936,12,8.93,0.00,0,886,8,2.12
2937,12,9.83,0.00,1,886,8,2.12
2938,12,10.37,0.00,0,887,7,2.00
2939,13,9.99,0.00,1,887,7,2.00
2940,11,10.62,0.00,1,887,6,2.00
2941,10,10.13,0.00,1,888,6,2.00
2942,10,10.94,0.00,0,889,7,2.00
2943,10,11.40,0.00,0,889,7,2.00
2944,9,11.56,0.00,0,889,7,2.00
2945,8,11.55,0.00,0,889,7,2.00
2946,9,10.01,0.00,0,889,7,2.00
2947,9,9.41,0.00,1,889,7,2.00
2948,8,9.15,0.00,1,890,6,2.00
2949,8,9.82,0.00,1,891,6,2.00
2950,7,10.04,0.00,0,892,6,2.00
2951,7,10.94,0.00,0,892,6,2.00
2952,7,10.62,0.00,0,892,6,2.00
2953,7,9.92,0.00,0,892,6,2.00
2954,7,8.00,0.00,0,892,6,2.00
2955,7,7.78,0.00,0,892,6,2.00
2956,7,8.48,0.00,1,892,6,2.00
2957,8,8.21,0.00,1,893,6,2.00
2958,8,9.05,0.00,1,893,6,2.00
2959,9,8.38,0.00,1,894,6,2.00
2960,9,7.88,0.00,0,895,6,2.00
2961,8,9.00,0.00,0,895,5,2.00
2962,7,10.24,0.00,0,895,5,2.00
2963,8,9.61,0.00,0,895,6,2.00
2964,8,10.50,0.00,0,895,6,2.00
2965,10,8.78,0.00,0,895,6,2.17
2966,10,9.33,0.00,1,895,6,2.17
2967,10,10.08,0.00,0,896,6,2.17
2968,10,10.80,0.00,0,896,6,2.17
2969,9,11.19,0.00,0,896,6,2.17
2970,9,11.04,0.00,1,896,6,2.17
2971,8,9.51,0.00,1,896,6,2.33
2972,8,9.26,0.00,0,897,6,2.33
2973,8,9.12,0.00,0,897,6,2.33
2974,8,8.95,0.00,1,897,6,2.33
2975,8,8.86,0.00,1,897,6,2.33
2976,8,8.70,0.00,1,898,6,2.33
2977,7,8.70,0.00,1,898,6,2.33
2978,7,9.43,0.00,0,899,5,2.00
2979,7,9.10,0.00,2,899,5,2.00
2980,7,9.45,0.00,1,900,5,2.00
2981,7,9.72,0.00,1,901,5,2.00
2982,6,10.12,0.00,0,902,6,2.00
2983,7,9.44,0.00,0,902,6,2.00
2984,7,10.02,0.00,0,902,6,2.00
2985,7,9.74,0.00,0,902,6,2.00
2986,7,10.19,0.00,1,902,6,2.00
2987,8,9.23,0.00,0,903,7,2.00
2988,7,9.67,0.00,0,903,7,2.00
2989,7,8.48,0.00,0,903,7,2.14
2990,7,8.91,0.00,0,903,7,2.14
2991,6,9.20,0.00,0,903,6,2.17
2992,6,9.76,0.00,0,903,6,2.17
2993,6,8.41,0.00,0,903,6,2.17
2994,5,8.93,0.00,0,903,6,2.17
2995,6,7.85,0.00,0,903,6,2.33
2996,6,8.69,0.00,0,903,6,2.33
2997,6,9.51,0.00,0,903,6,2.33
2998,6,9.67,0.00,1,903,6,2.33
2999,5,9.98,0.00,0,904,5,2.00
3000,5,10.82,0.00,0,904,5,2.00
